loc,function_count,avg_function_length,max_function_length,cyclomatic_complexity,max_nesting_depth,total_issue_count,security_issue_count,duplication_ratio,dependency_risk_score,has_tests,structural_risk,security_risk,maintainability_risk,test_risk,overall_risk
38,0,0.0,0,1,0,0,0,0.2074728423063149,0.19,1,0.03,0.057,0.1445,0.0,0.0565
7,0,0.0,0,1,0,0,0,0.2074728423063149,0.19,1,0.03,0.057,0.1445,0.0,0.0565
15,1,8.0,8,3,1,0,0,0.2074728423063149,0.19,1,0.09,0.057,0.1845,0.0,0.0855
6,0,0.0,0,2,1,0,0,0.2074728423063149,0.19,1,0.06,0.057,0.1645,0.0,0.071
55,1,2.0,2,6,1,0,0,0.2074728423063149,0.19,1,0.18,0.057,0.2445,0.0,0.129
52,1,50.0,50,4,2,0,0,0.2074728423063149,0.19,1,0.12,0.057,0.2045,0.0,0.1
24,0,0.0,0,6,2,0,0,0.2074728423063149,0.19,1,0.18,0.057,0.2445,0.0,0.129
17,2,7.0,7,5,1,0,0,0.2074728423063149,0.19,1,0.15,0.057,0.2245,0.0,0.1145
66,1,0.0,0,1,0,0,0,0.2074728423063149,0.19,1,0.03,0.057,0.1445,0.0,0.0565
189,7,0.0,0,1,0,0,0,0.2074728423063149,0.19,1,0.03,0.057,0.1445,0.0,0.0565
34,1,0.0,0,1,0,0,0,0.2074728423063149,0.19,1,0.03,0.057,0.1445,0.0,0.0565
95,1,0.0,0,1,0,0,0,0.2074728423063149,0.19,1,0.03,0.057,0.1445,0.0,0.0565
42,1,0.0,0,1,0,0,0,0.2074728423063149,0.19,1,0.03,0.057,0.1445,0.0,0.0565
45,2,0.0,0,1,0,0,0,0.2074728423063149,0.19,1,0.03,0.057,0.1445,0.0,0.0565
18,1,0.0,0,1,0,0,0,0.2074728423063149,0.19,1,0.03,0.057,0.1445,0.0,0.0565
57,2,0.0,0,1,0,0,0,0.2074728423063149,0.19,1,0.03,0.057,0.1445,0.0,0.0565
6,0,0.0,0,1,0,0,0,0.2074728423063149,0.19,1,0.03,0.057,0.1445,0.0,0.0565
20,2,0.0,0,1,0,0,0,0.2074728423063149,0.19,1,0.03,0.057,0.1445,0.0,0.0565
79,5,0.0,0,1,0,0,0,0.2074728423063149,0.19,1,0.03,0.057,0.1445,0.0,0.0565
42,6,0.0,0,4,0,1,0,0.2074728423063149,0.19,1,0.16,0.057,0.2045,0.0,0.114
10,0,0.0,0,1,0,0,0,0.2074728423063149,0.19,1,0.03,0.057,0.1445,0.0,0.0565
247,16,0.0,0,4,0,1,0,0.2074728423063149,0.19,1,0.16,0.057,0.2045,0.0,0.114
413,36,0.0,0,7,0,1,0,0.2074728423063149,0.19,1,0.25,0.057,0.2645,0.0,0.1575
17,2,0.0,0,1,0,0,0,0.2074728423063149,0.19,1,0.03,0.057,0.1445,0.0,0.0565
28,2,0.0,0,1,0,0,0,0.2074728423063149,0.19,1,0.03,0.057,0.1445,0.0,0.0565
62,5,0.0,0,1,0,0,0,0.2074728423063149,0.19,1,0.03,0.057,0.1445,0.0,0.0565
34,1,0.0,0,1,0,0,0,0.2074728423063149,0.19,1,0.03,0.057,0.1445,0.0,0.0565
97,7,0.0,0,1,0,0,0,0.2074728423063149,0.19,1,0.03,0.057,0.1445,0.0,0.0565
66,7,0.0,0,1,0,0,0,0.2074728423063149,0.19,1,0.03,0.057,0.1445,0.0,0.0565
13,1,0.0,0,1,0,0,0,0.2074728423063149,0.19,1,0.03,0.057,0.1445,0.0,0.0565
145,9,0.0,0,1,0,0,0,0.2074728423063149,0.19,1,0.03,0.057,0.1445,0.0,0.0565
21,1,0.0,0,1,0,0,0,0.2074728423063149,0.19,1,0.03,0.057,0.1445,0.0,0.0565
112,9,0.0,0,1,0,0,0,0.2074728423063149,0.19,1,0.03,0.057,0.1445,0.0,0.0565
35,3,0.0,0,1,0,0,0,0.2074728423063149,0.19,1,0.03,0.057,0.1445,0.0,0.0565
103,15,0.0,0,7,0,0,0,0.2074728423063149,0.19,1,0.21,0.057,0.2645,0.0,0.1435
6,0,0.0,0,1,0,0,0,0.27827180454504624,0.0,1,0.03,0.0,0.187,0.0,0.0479
12,0,0.0,0,1,0,0,0,0.27827180454504624,0.0,1,0.03,0.0,0.187,0.0,0.0479
20,1,0.0,0,1,0,0,0,0.27827180454504624,0.0,1,0.03,0.0,0.187,0.0,0.0479
25,1,0.0,0,1,0,0,0,0.27827180454504624,0.0,1,0.03,0.0,0.187,0.0,0.0479
15,1,0.0,0,1,0,0,0,0.27827180454504624,0.0,1,0.03,0.0,0.187,0.0,0.0479
51,2,0.0,0,1,0,0,0,0.27827180454504624,0.0,1,0.03,0.0,0.187,0.0,0.0479
30,1,0.0,0,1,0,0,0,0.27827180454504624,0.0,1,0.03,0.0,0.187,0.0,0.0479
29,1,0.0,0,1,0,0,0,0.27827180454504624,0.0,1,0.03,0.0,0.187,0.0,0.0479
35,1,0.0,0,1,0,0,0,0.27827180454504624,0.0,1,0.03,0.0,0.187,0.0,0.0479
16,1,0.0,0,1,0,0,0,0.27827180454504624,0.0,1,0.03,0.0,0.187,0.0,0.0479
44,2,0.0,0,1,0,0,0,0.27827180454504624,0.0,1,0.03,0.0,0.187,0.0,0.0479
19,1,0.0,0,1,0,0,0,0.27827180454504624,0.0,1,0.03,0.0,0.187,0.0,0.0479
16,1,0.0,0,1,0,0,0,0.27827180454504624,0.0,1,0.03,0.0,0.187,0.0,0.0479
14,1,0.0,0,1,0,0,0,0.27827180454504624,0.0,1,0.03,0.0,0.187,0.0,0.0479
20,1,0.0,0,1,0,0,0,0.27827180454504624,0.0,1,0.03,0.0,0.187,0.0,0.0479
18,1,0.0,0,1,0,0,0,0.27827180454504624,0.0,1,0.03,0.0,0.187,0.0,0.0479
18,1,0.0,0,1,0,0,0,0.27827180454504624,0.0,1,0.03,0.0,0.187,0.0,0.0479
13,1,0.0,0,1,0,0,0,0.27827180454504624,0.0,1,0.03,0.0,0.187,0.0,0.0479
13,1,0.0,0,1,0,0,0,0.27827180454504624,0.0,1,0.03,0.0,0.187,0.0,0.0479
29,2,0.0,0,1,0,0,0,0.27827180454504624,0.0,1,0.03,0.0,0.187,0.0,0.0479
30,1,0.0,0,1,0,0,0,0.27827180454504624,0.0,1,0.03,0.0,0.187,0.0,0.0479
87,6,0.0,0,1,0,0,0,0.27827180454504624,0.0,1,0.03,0.0,0.187,0.0,0.0479
19,1,0.0,0,1,0,0,0,0.27827180454504624,0.0,1,0.03,0.0,0.187,0.0,0.0479
57,3,0.0,0,1,0,0,0,0.27827180454504624,0.0,1,0.03,0.0,0.187,0.0,0.0479
55,7,0.0,0,1,0,1,0,0.27827180454504624,0.0,1,0.07,0.0,0.187,0.0,0.0619
221,12,0.0,0,9,0,1,0,0.27827180454504624,0.0,1,0.31,0.0,0.347,0.0,0.1779
66,2,0.0,0,1,0,0,0,0.27827180454504624,0.0,1,0.03,0.0,0.187,0.0,0.0479
202,1,0.0,0,1,0,0,0,0.27827180454504624,0.0,1,0.03,0.0,0.187,0.0,0.0479
341,19,0.0,0,1,0,2,0,0.27827180454504624,0.0,1,0.11,0.0,0.187,0.0,0.0759
8,1,0.0,0,1,0,0,0,0.27827180454504624,0.0,1,0.03,0.0,0.187,0.0,0.0479
65,2,0.0,0,1,0,0,0,0.27827180454504624,0.0,1,0.03,0.0,0.187,0.0,0.0479
79,1,0.0,0,1,0,0,0,0.27827180454504624,0.0,1,0.03,0.0,0.187,0.0,0.0479
330,3,0.0,0,1,0,0,0,0.27827180454504624,0.0,1,0.03,0.0,0.187,0.0,0.0479
283,16,0.0,0,5,0,4,0,0.27827180454504624,0.0,1,0.31,0.0,0.267,0.0,0.1619
17,1,0.0,0,1,0,0,0,0.27827180454504624,0.0,1,0.03,0.0,0.187,0.0,0.0479
572,34,0.0,0,17,0,5,0,0.27827180454504624,0.0,1,0.71,0.0,0.507,0.0,0.3499
79,1,0.0,0,1,0,0,0,0.27827180454504624,0.0,1,0.03,0.0,0.187,0.0,0.0479
13,2,0.0,0,2,0,0,0,0.27827180454504624,0.0,1,0.06,0.0,0.207,0.0,0.0624
167,7,0.0,0,6,0,0,0,0.27827180454504624,0.0,1,0.18,0.0,0.287,0.0,0.1204
210,17,0.0,0,6,0,6,0,0.27827180454504624,0.0,1,0.42,0.0,0.287,0.0,0.2044
195,13,0.0,0,5,0,5,0,0.27827180454504624,0.0,1,0.35,0.0,0.267,0.0,0.1759
5,0,0.0,0,1,0,0,0,0.27827180454504624,0.0,1,0.03,0.0,0.187,0.0,0.0479
29,0,0.0,0,1,0,0,0,0.27827180454504624,0.0,1,0.03,0.0,0.187,0.0,0.0479
7,0,0.0,0,1,0,0,0,0.27827180454504624,0.0,1,0.03,0.0,0.187,0.0,0.0479
57,1,0.0,0,5,0,0,0,0.27827180454504624,0.0,1,0.15,0.0,0.267,0.0,0.1059
34,1,0.0,0,1,0,0,0,0.27827180454504624,0.0,1,0.03,0.0,0.187,0.0,0.0479
10,0,0.0,0,1,0,0,0,0.27827180454504624,0.0,1,0.03,0.0,0.187,0.0,0.0479
62,2,0.0,0,1,0,0,0,0.27827180454504624,0.0,1,0.03,0.0,0.187,0.0,0.0479
76,4,0.0,0,1,0,0,0,0.27827180454504624,0.0,1,0.03,0.0,0.187,0.0,0.0479
65,5,0.0,0,1,0,0,0,0.27827180454504624,0.0,1,0.03,0.0,0.187,0.0,0.0479
154,6,0.0,0,2,0,0,0,0.27827180454504624,0.0,1,0.06,0.0,0.207,0.0,0.0624
124,3,0.0,0,1,0,0,0,0.27827180454504624,0.0,1,0.03,0.0,0.187,0.0,0.0479
239,6,0.0,0,1,0,0,0,0.27827180454504624,0.0,1,0.03,0.0,0.187,0.0,0.0479
87,11,0.0,0,1,0,1,0,0.27827180454504624,0.0,1,0.07,0.0,0.187,0.0,0.0619
100,10,0.0,0,2,0,1,0,0.27827180454504624,0.0,1,0.1,0.0,0.207,0.0,0.0764
82,3,0.0,0,1,0,0,0,0.27827180454504624,0.0,1,0.03,0.0,0.187,0.0,0.0479
121,3,0.0,0,1,0,0,0,0.27827180454504624,0.0,1,0.03,0.0,0.187,0.0,0.0479
641,47,0.0,0,7,0,4,0,0.27827180454504624,0.0,1,0.37,0.0,0.307,0.0,0.1909
150,7,0.0,0,3,0,0,0,0.27827180454504624,0.0,1,0.09,0.0,0.227,0.0,0.0769
100,1,0.0,0,1,0,0,0,0.27827180454504624,0.0,1,0.03,0.0,0.187,0.0,0.0479
274,21,0.0,0,8,0,6,0,0.27827180454504624,0.0,1,0.48,0.0,0.327,0.0,0.2334
57,1,0.0,0,2,0,0,0,0.27827180454504624,0.0,1,0.06,0.0,0.207,0.0,0.0624
32,1,0.0,0,1,0,0,0,0.27827180454504624,0.0,1,0.03,0.0,0.187,0.0,0.0479
65,3,0.0,0,2,0,0,0,0.27827180454504624,0.0,1,0.06,0.0,0.207,0.0,0.0624
11,1,0.0,0,1,0,0,0,0.27827180454504624,0.0,1,0.03,0.0,0.187,0.0,0.0479
243,10,0.0,0,7,0,0,0,0.27827180454504624,0.0,1,0.21,0.0,0.307,0.0,0.1349
377,23,0.0,0,5,0,5,0,0.27827180454504624,0.0,1,0.35,0.0,0.267,0.0,0.1759
65,0,0.0,0,8,3,2,1,0.27827180454504624,0.0,1,0.32,0.14,0.327,0.0,0.2194
29,0,0.0,0,1,0,0,0,0.31362178585494854,0.03,1,0.03,0.009,0.2082,0.0,0.0548
16,0,0.0,0,1,0,0,0,0.31362178585494854,0.03,1,0.03,0.009,0.2082,0.0,0.0548
7,0,0.0,0,1,0,0,0,0.31362178585494854,0.03,1,0.03,0.009,0.2082,0.0,0.0548
96,1,0.0,0,1,0,0,0,0.31362178585494854,0.03,1,0.03,0.009,0.2082,0.0,0.0548
10,0,0.0,0,1,0,0,0,0.31362178585494854,0.03,1,0.03,0.009,0.2082,0.0,0.0548
35,1,0.0,0,1,0,0,0,0.31362178585494854,0.03,1,0.03,0.009,0.2082,0.0,0.0548
21,1,0.0,0,1,0,0,0,0.31362178585494854,0.03,1,0.03,0.009,0.2082,0.0,0.0548
27,1,0.0,0,1,0,0,0,0.31362178585494854,0.03,1,0.03,0.009,0.2082,0.0,0.0548
66,2,0.0,0,1,0,0,0,0.31362178585494854,0.03,1,0.03,0.009,0.2082,0.0,0.0548
141,16,0.0,0,2,0,1,0,0.31362178585494854,0.03,1,0.1,0.009,0.2282,0.0,0.0833
155,23,0.0,0,4,0,1,0,0.31362178585494854,0.03,1,0.16,0.009,0.2682,0.0,0.1123
212,22,0.0,0,7,0,1,0,0.31362178585494854,0.03,1,0.25,0.009,0.3282,0.0,0.1558
36,2,0.0,0,1,0,0,0,0.31362178585494854,0.03,1,0.03,0.009,0.2082,0.0,0.0548
200,26,0.0,0,5,0,2,0,0.31362178585494854,0.03,1,0.23,0.009,0.2882,0.0,0.1408
145,19,0.0,0,6,0,1,0,0.31362178585494854,0.03,1,0.22,0.009,0.3082,0.0,0.1413
117,15,0.0,0,1,0,1,0,0.31362178585494854,0.03,1,0.07,0.009,0.2082,0.0,0.0688
146,19,0.0,0,4,0,1,0,0.31362178585494854,0.03,1,0.16,0.009,0.2682,0.0,0.1123
71,2,0.0,0,1,0,0,0,0.31362178585494854,0.03,1,0.03,0.009,0.2082,0.0,0.0548
396,22,0.0,0,2,0,2,0,0.31362178585494854,0.03,1,0.14,0.009,0.2282,0.0,0.0973
196,10,0.0,0,3,0,0,0,0.31362178585494854,0.03,1,0.09,0.009,0.2482,0.0,0.0838
302,27,0.0,0,4,0,2,0,0.31362178585494854,0.03,1,0.2,0.009,0.2682,0.0,0.1263
489,24,0.0,0,6,0,1,0,0.31362178585494854,0.03,1,0.22,0.009,0.3082,0.0,0.1413
250,20,0.0,0,6,0,1,0,0.31362178585494854,0.03,1,0.22,0.009,0.3082,0.0,0.1413
168,12,0.0,0,1,0,1,0,0.31362178585494854,0.03,1,0.07,0.009,0.2082,0.0,0.0688
173,22,0.0,0,5,0,1,0,0.31362178585494854,0.03,1,0.19,0.009,0.2882,0.0,0.1268
128,8,0.0,0,1,0,2,0,0.31362178585494854,0.03,1,0.11,0.009,0.2082,0.0,0.0828
108,8,0.0,0,1,0,0,0,0.31362178585494854,0.03,1,0.03,0.009,0.2082,0.0,0.0548
20,2,0.0,0,1,0,0,0,0.31362178585494854,0.03,1,0.03,0.009,0.2082,0.0,0.0548
15,1,0.0,0,1,0,0,0,0.31362178585494854,0.03,1,0.03,0.009,0.2082,0.0,0.0548
14,1,0.0,0,1,0,0,0,0.31362178585494854,0.03,1,0.03,0.009,0.2082,0.0,0.0548
39,1,0.0,0,1,0,0,0,0.31362178585494854,0.03,1,0.03,0.009,0.2082,0.0,0.0548
23,1,0.0,0,1,0,0,0,0.31362178585494854,0.03,1,0.03,0.009,0.2082,0.0,0.0548
48,1,0.0,0,1,0,0,0,0.31362178585494854,0.03,1,0.03,0.009,0.2082,0.0,0.0548
37,1,0.0,0,1,0,0,0,0.31362178585494854,0.03,1,0.03,0.009,0.2082,0.0,0.0548
244,10,0.0,0,2,0,0,0,0.31362178585494854,0.03,1,0.06,0.009,0.2282,0.0,0.0693
289,27,0.0,0,3,0,1,0,0.31362178585494854,0.03,1,0.13,0.009,0.2482,0.0,0.0978
76,10,0.0,0,1,0,0,0,0.31362178585494854,0.03,1,0.03,0.009,0.2082,0.0,0.0548
193,10,0.0,0,9,0,0,0,0.31362178585494854,0.03,1,0.27,0.009,0.3682,0.0,0.1708
169,9,0.0,0,4,0,0,0,0.31362178585494854,0.03,1,0.12,0.009,0.2682,0.0,0.0983
37,2,0.0,0,1,0,0,0,0.31362178585494854,0.03,1,0.03,0.009,0.2082,0.0,0.0548
72,7,0.0,0,1,0,0,0,0.31362178585494854,0.03,1,0.03,0.009,0.2082,0.0,0.0548
280,12,0.0,0,1,0,0,0,0.31362178585494854,0.03,1,0.03,0.009,0.2082,0.0,0.0548
34,1,0.0,0,1,0,0,0,0.31362178585494854,0.03,1,0.03,0.009,0.2082,0.0,0.0548
108,8,0.0,0,1,0,0,0,0.31362178585494854,0.03,1,0.03,0.009,0.2082,0.0,0.0548
277,10,0.0,0,4,0,0,0,0.31362178585494854,0.03,1,0.12,0.009,0.2682,0.0,0.0983
364,30,0.0,0,11,0,1,0,0.31362178585494854,0.03,1,0.37,0.009,0.4082,0.0,0.2138
186,8,0.0,0,4,0,0,0,0.31362178585494854,0.03,1,0.12,0.009,0.2682,0.0,0.0983
17,2,0.0,0,1,0,0,0,0.31362178585494854,0.03,1,0.03,0.009,0.2082,0.0,0.0548
50,1,0.0,0,1,0,0,0,0.31362178585494854,0.03,1,0.03,0.009,0.2082,0.0,0.0548
385,14,0.0,0,1,0,1,0,0.31362178585494854,0.03,1,0.07,0.009,0.2082,0.0,0.0688
18,1,0.0,0,1,0,0,0,0.31362178585494854,0.03,1,0.03,0.009,0.2082,0.0,0.0548
601,29,0.0,0,8,0,1,0,0.31362178585494854,0.03,1,0.28,0.009,0.3482,0.0,0.1703
164,7,0.0,0,7,0,0,0,0.31362178585494854,0.03,1,0.21,0.009,0.3282,0.0,0.1418
189,8,0.0,0,2,0,0,0,0.31362178585494854,0.03,1,0.06,0.009,0.2282,0.0,0.0693
21,1,0.0,0,1,0,0,0,0.31362178585494854,0.03,1,0.03,0.009,0.2082,0.0,0.0548
14,2,0.0,0,1,0,0,0,0.31362178585494854,0.03,1,0.03,0.009,0.2082,0.0,0.0548
12,1,0.0,0,1,0,0,0,0.31362178585494854,0.03,1,0.03,0.009,0.2082,0.0,0.0548
25,2,0.0,0,1,0,0,0,0.31362178585494854,0.03,1,0.03,0.009,0.2082,0.0,0.0548
12,1,0.0,0,1,0,0,0,0.31362178585494854,0.03,1,0.03,0.009,0.2082,0.0,0.0548
168,13,0.0,0,1,0,0,0,0.31362178585494854,0.03,1,0.03,0.009,0.2082,0.0,0.0548
172,13,0.0,0,5,0,0,0,0.31362178585494854,0.03,1,0.15,0.009,0.2882,0.0,0.1128
69,2,0.0,0,1,0,0,0,0.31362178585494854,0.03,1,0.03,0.009,0.2082,0.0,0.0548
128,27,0.0,0,6,0,1,0,0.31362178585494854,0.03,1,0.22,0.009,0.3082,0.0,0.1413
118,20,0.0,0,6,0,1,0,0.31362178585494854,0.03,1,0.22,0.009,0.3082,0.0,0.1413
96,12,0.0,0,2,0,0,0,0.31362178585494854,0.03,1,0.06,0.009,0.2282,0.0,0.0693
87,14,0.0,0,1,0,1,0,0.31362178585494854,0.03,1,0.07,0.009,0.2082,0.0,0.0688
78,17,0.0,0,3,0,1,0,0.31362178585494854,0.03,1,0.13,0.009,0.2482,0.0,0.0978
68,22,0.0,0,5,0,1,0,0.31362178585494854,0.03,1,0.19,0.009,0.2882,0.0,0.1268
0,0,0.0,0,1,0,0,0,0.005324630711095843,0.0,1,0.03,0.0,0.0232,0.0,0.0151
0,0,0.0,0,1,0,0,0,0.005324630711095843,0.0,1,0.03,0.0,0.0232,0.0,0.0151
0,0,0.0,0,1,0,0,0,0.005324630711095843,0.0,1,0.03,0.0,0.0232,0.0,0.0151
29,0,0.0,0,1,0,0,0,0.005324630711095843,0.0,1,0.03,0.0,0.0232,0.0,0.0151
19,0,0.0,0,1,0,0,0,0.005324630711095843,0.0,1,0.03,0.0,0.0232,0.0,0.0151
7,0,0.0,0,1,0,0,0,0.005324630711095843,0.0,1,0.03,0.0,0.0232,0.0,0.0151
30,1,0.0,0,1,0,0,0,0.005324630711095843,0.0,1,0.03,0.0,0.0232,0.0,0.0151
10,0,0.0,0,1,0,0,0,0.005324630711095843,0.0,1,0.03,0.0,0.0232,0.0,0.0151
91,25,0.0,0,2,0,2,0,0.005324630711095843,0.0,1,0.14,0.0,0.0432,0.0,0.0576
256,11,0.0,0,2,0,0,0,0.005324630711095843,0.0,1,0.06,0.0,0.0432,0.0,0.0296
26,1,0.0,0,1,0,0,0,0.005324630711095843,0.0,1,0.03,0.0,0.0232,0.0,0.0151
21,1,0.0,0,1,0,0,0,0.005324630711095843,0.0,1,0.03,0.0,0.0232,0.0,0.0151
213,5,0.0,0,1,0,0,0,0.005324630711095843,0.0,1,0.03,0.0,0.0232,0.0,0.0151
153,1,0.0,0,1,0,0,0,0.005324630711095843,0.0,1,0.03,0.0,0.0232,0.0,0.0151
33,1,0.0,0,1,0,0,0,0.005324630711095843,0.0,1,0.03,0.0,0.0232,0.0,0.0151
170,5,0.0,0,1,0,0,0,0.005324630711095843,0.0,1,0.03,0.0,0.0232,0.0,0.0151
235,4,0.0,0,1,0,0,0,0.005324630711095843,0.0,1,0.03,0.0,0.0232,0.0,0.0151
221,9,0.0,0,4,0,0,0,0.005324630711095843,0.0,1,0.12,0.0,0.0832,0.0,0.0586
210,3,0.0,0,1,0,0,0,0.005324630711095843,0.0,1,0.03,0.0,0.0232,0.0,0.0151
460,17,0.0,0,3,0,2,0,0.005324630711095843,0.0,1,0.17,0.0,0.0632,0.0,0.0721
308,25,0.0,0,2,0,1,0,0.005324630711095843,0.0,1,0.1,0.0,0.0432,0.0,0.0436
38,1,0.0,0,1,0,1,0,0.27634660421545665,0.07,1,0.07,0.021,0.1858,0.0,0.068
14,1,0.0,0,1,0,2,0,0.27634660421545665,0.07,1,0.11,0.021,0.1858,0.0,0.082
65,1,0.0,0,5,0,1,0,0.27634660421545665,0.07,1,0.19,0.021,0.2658,0.0,0.126
57,1,0.0,0,8,0,0,0,0.27634660421545665,0.07,1,0.24,0.021,0.3258,0.0,0.1555
47,1,0.0,0,2,0,1,0,0.27634660421545665,0.07,1,0.1,0.021,0.2058,0.0,0.0825
48,1,0.0,0,3,0,1,0,0.27634660421545665,0.07,1,0.13,0.021,0.2258,0.0,0.097
85,1,0.0,0,7,0,1,0,0.27634660421545665,0.07,1,0.25,0.021,0.3058,0.0,0.155
57,1,0.0,0,3,0,1,0,0.27634660421545665,0.07,1,0.13,0.021,0.2258,0.0,0.097
34,1,0.0,0,3,0,1,0,0.27634660421545665,0.07,1,0.13,0.021,0.2258,0.0,0.097
46,1,0.0,0,3,0,1,0,0.27634660421545665,0.07,1,0.13,0.021,0.2258,0.0,0.097
105,0,0.0,0,1,0,0,0,0.27634660421545665,0.07,1,0.03,0.021,0.1858,0.0,0.054
32,1,0.0,0,3,0,1,0,0.27634660421545665,0.07,1,0.13,0.021,0.2258,0.0,0.097
50,2,0.0,0,3,0,2,0,0.27634660421545665,0.07,1,0.17,0.021,0.2258,0.0,0.111
79,1,0.0,0,4,0,1,0,0.27634660421545665,0.07,1,0.16,0.021,0.2458,0.0,0.1115
45,1,0.0,0,2,0,1,0,0.27634660421545665,0.07,1,0.1,0.021,0.2058,0.0,0.0825
14,1,0.0,0,1,0,0,0,0.27634660421545665,0.07,1,0.03,0.021,0.1858,0.0,0.054
36,1,0.0,0,1,0,1,0,0.27634660421545665,0.07,1,0.07,0.021,0.1858,0.0,0.068
71,1,0.0,0,5,0,1,0,0.27634660421545665,0.07,1,0.19,0.021,0.2658,0.0,0.126
44,1,0.0,0,2,0,1,0,0.27634660421545665,0.07,1,0.1,0.021,0.2058,0.0,0.0825
12,0,0.0,0,1,0,0,0,0.27634660421545665,0.07,1,0.03,0.021,0.1858,0.0,0.054
88,0,0.0,0,1,0,0,0,0.27634660421545665,0.07,1,0.03,0.021,0.1858,0.0,0.054
11,0,0.0,0,1,0,0,0,0.27634660421545665,0.07,1,0.03,0.021,0.1858,0.0,0.054
11,0,0.0,0,1,0,0,0,0.27634660421545665,0.07,1,0.03,0.021,0.1858,0.0,0.054
80,0,0.0,0,1,0,0,0,0.27634660421545665,0.07,1,0.03,0.021,0.1858,0.0,0.054
52,0,0.0,0,1,0,0,0,0.27634660421545665,0.07,1,0.03,0.021,0.1858,0.0,0.054
16,0,0.0,0,1,0,0,0,0.27634660421545665,0.07,1,0.03,0.021,0.1858,0.0,0.054
47,0,0.0,0,1,0,0,0,0.27634660421545665,0.07,1,0.03,0.021,0.1858,0.0,0.054
43,0,0.0,0,1,0,0,0,0.27634660421545665,0.07,1,0.03,0.021,0.1858,0.0,0.054
11,0,0.0,0,1,0,0,0,0.27634660421545665,0.07,1,0.03,0.021,0.1858,0.0,0.054
14,0,0.0,0,1,0,0,0,0.27634660421545665,0.07,1,0.03,0.021,0.1858,0.0,0.054
65,0,0.0,0,1,0,0,0,0.27634660421545665,0.07,1,0.03,0.021,0.1858,0.0,0.054
32,0,0.0,0,1,0,0,0,0.27634660421545665,0.07,1,0.03,0.021,0.1858,0.0,0.054
11,0,0.0,0,1,0,0,0,0.27634660421545665,0.07,1,0.03,0.021,0.1858,0.0,0.054
11,0,0.0,0,1,0,0,0,0.27634660421545665,0.07,1,0.03,0.021,0.1858,0.0,0.054
72,0,0.0,0,1,0,0,0,0.27634660421545665,0.07,1,0.03,0.021,0.1858,0.0,0.054
12,0,0.0,0,1,0,0,0,0.27634660421545665,0.07,1,0.03,0.021,0.1858,0.0,0.054
17,0,0.0,0,1,0,0,0,0.27634660421545665,0.07,1,0.03,0.021,0.1858,0.0,0.054
19,0,0.0,0,1,0,0,0,0.27634660421545665,0.07,1,0.03,0.021,0.1858,0.0,0.054
11,0,0.0,0,1,0,0,0,0.27634660421545665,0.07,1,0.03,0.021,0.1858,0.0,0.054
32,0,0.0,0,1,0,0,0,0.27634660421545665,0.07,1,0.03,0.021,0.1858,0.0,0.054
19,0,0.0,0,1,0,0,0,0.27634660421545665,0.07,1,0.03,0.021,0.1858,0.0,0.054
110,8,0.0,0,11,0,1,0,0.27634660421545665,0.07,1,0.37,0.021,0.3858,0.0,0.213
24,1,0.0,0,2,0,0,0,0.27634660421545665,0.07,1,0.06,0.021,0.2058,0.0,0.0685
234,13,0.0,0,12,0,4,0,0.27634660421545665,0.07,1,0.52,0.021,0.4058,0.0,0.2695
48,0,0.0,0,1,0,0,0,0.27634660421545665,0.07,1,0.03,0.021,0.1858,0.0,0.054
41,0,0.0,0,1,0,0,0,0.27634660421545665,0.07,1,0.03,0.021,0.1858,0.0,0.054
145,2,0.0,0,8,0,0,0,0.27634660421545665,0.07,1,0.24,0.021,0.3258,0.0,0.1555
9,0,0.0,0,1,0,0,0,0.27634660421545665,0.07,1,0.03,0.021,0.1858,0.0,0.054
345,19,0.0,0,17,0,1,0,0.27634660421545665,0.07,1,0.55,0.021,0.5058,0.0,0.3
103,1,0.0,0,2,0,0,0,0.27634660421545665,0.07,1,0.06,0.021,0.2058,0.0,0.0685
55,0,0.0,0,1,0,0,0,0.27634660421545665,0.07,1,0.03,0.021,0.1858,0.0,0.054
79,5,0.0,0,4,0,0,0,0.27634660421545665,0.07,1,0.12,0.021,0.2458,0.0,0.0975
32,0,0.0,0,1,0,0,0,0.27634660421545665,0.07,1,0.03,0.021,0.1858,0.0,0.054
19,0,0.0,0,1,0,0,0,0.27634660421545665,0.07,1,0.03,0.021,0.1858,0.0,0.054
380,18,0.0,0,15,0,2,0,0.27634660421545665,0.07,1,0.53,0.021,0.4658,0.0,0.285
148,1,0.0,0,2,0,0,0,0.27634660421545665,0.07,1,0.06,0.021,0.2058,0.0,0.0685
59,0,0.0,0,1,0,0,0,0.27634660421545665,0.07,1,0.03,0.021,0.1858,0.0,0.054
271,14,0.0,0,14,0,0,0,0.27634660421545665,0.07,1,0.42,0.021,0.4458,0.0,0.2425
79,0,0.0,0,1,0,0,0,0.27634660421545665,0.07,1,0.03,0.021,0.1858,0.0,0.054
45,0,0.0,0,1,0,0,0,0.27634660421545665,0.07,1,0.03,0.021,0.1858,0.0,0.054
85,6,0.0,0,4,0,2,0,0.27634660421545665,0.07,1,0.2,0.021,0.2458,0.0,0.1255
19,1,0.0,0,1,0,1,0,0.27634660421545665,0.07,1,0.07,0.021,0.1858,0.0,0.068
24,1,0.0,0,1,0,2,0,0.27634660421545665,0.07,1,0.11,0.021,0.1858,0.0,0.082
29,0,0.0,0,1,0,0,0,0.27634660421545665,0.07,1,0.03,0.021,0.1858,0.0,0.054
16,0,0.0,0,1,0,0,0,0.27634660421545665,0.07,1,0.03,0.021,0.1858,0.0,0.054
9,0,0.0,0,1,0,0,0,0.27634660421545665,0.07,1,0.03,0.021,0.1858,0.0,0.054
95,1,0.0,0,1,0,0,0,0.27634660421545665,0.07,1,0.03,0.021,0.1858,0.0,0.054
14,0,0.0,0,1,0,0,0,0.27634660421545665,0.07,1,0.03,0.021,0.1858,0.0,0.054
35,1,0.0,0,1,0,0,0,0.27634660421545665,0.07,1,0.03,0.021,0.1858,0.0,0.054
21,1,0.0,0,1,0,0,0,0.27634660421545665,0.07,1,0.03,0.021,0.1858,0.0,0.054
27,1,0.0,0,1,0,0,0,0.27634660421545665,0.07,1,0.03,0.021,0.1858,0.0,0.054
66,2,0.0,0,1,0,0,0,0.27634660421545665,0.07,1,0.03,0.021,0.1858,0.0,0.054
164,23,0.0,0,2,0,1,0,0.27634660421545665,0.07,1,0.1,0.021,0.2058,0.0,0.0825
169,11,0.0,0,4,0,0,0,0.27634660421545665,0.07,1,0.12,0.021,0.2458,0.0,0.0975
393,25,0.0,0,10,0,3,0,0.27634660421545665,0.07,1,0.42,0.021,0.3658,0.0,0.2265
36,2,0.0,0,1,0,0,0,0.27634660421545665,0.07,1,0.03,0.021,0.1858,0.0,0.054
273,34,0.0,0,14,0,1,0,0.27634660421545665,0.07,1,0.46,0.021,0.4458,0.0,0.2565
145,19,0.0,0,6,0,1,0,0.27634660421545665,0.07,1,0.22,0.021,0.2858,0.0,0.1405
117,15,0.0,0,1,0,1,0,0.27634660421545665,0.07,1,0.07,0.021,0.1858,0.0,0.068
146,19,0.0,0,4,0,1,0,0.27634660421545665,0.07,1,0.16,0.021,0.2458,0.0,0.1115
71,2,0.0,0,1,0,0,0,0.27634660421545665,0.07,1,0.03,0.021,0.1858,0.0,0.054
257,19,0.0,0,2,0,2,0,0.27634660421545665,0.07,1,0.14,0.021,0.2058,0.0,0.0965
313,16,0.0,0,6,0,1,0,0.27634660421545665,0.07,1,0.22,0.021,0.2858,0.0,0.1405
437,29,0.0,0,7,0,2,0,0.27634660421545665,0.07,1,0.29,0.021,0.3058,0.0,0.169
518,28,0.0,0,9,0,1,0,0.27634660421545665,0.07,1,0.31,0.021,0.3458,0.0,0.184
250,20,0.0,0,6,0,1,0,0.27634660421545665,0.07,1,0.22,0.021,0.2858,0.0,0.1405
331,20,0.0,0,8,0,1,0,0.27634660421545665,0.07,1,0.28,0.021,0.3258,0.0,0.1695
298,26,0.0,0,5,0,2,0,0.27634660421545665,0.07,1,0.23,0.021,0.2658,0.0,0.14
16,2,0.0,0,2,0,0,0,0.27634660421545665,0.07,1,0.06,0.021,0.2058,0.0,0.0685
197,8,0.0,0,6,0,1,0,0.27634660421545665,0.07,1,0.22,0.021,0.2858,0.0,0.1405
178,8,0.0,0,5,0,0,0,0.27634660421545665,0.07,1,0.15,0.021,0.2658,0.0,0.112
167,14,0.0,0,2,0,0,0,0.27634660421545665,0.07,1,0.06,0.021,0.2058,0.0,0.0685
496,22,0.0,0,8,0,1,0,0.27634660421545665,0.07,1,0.28,0.021,0.3258,0.0,0.1695
162,16,0.0,0,2,0,1,0,0.27634660421545665,0.07,1,0.1,0.021,0.2058,0.0,0.0825
420,28,0.0,0,9,0,1,0,0.27634660421545665,0.07,1,0.31,0.021,0.3458,0.0,0.184
190,10,0.0,0,2,0,0,0,0.27634660421545665,0.07,1,0.06,0.021,0.2058,0.0,0.0685
317,16,0.0,0,3,0,1,0,0.27634660421545665,0.07,1,0.13,0.021,0.2258,0.0,0.097
364,30,0.0,0,11,0,1,0,0.27634660421545665,0.07,1,0.37,0.021,0.3858,0.0,0.213
398,29,0.0,0,6,0,1,0,0.27634660421545665,0.07,1,0.22,0.021,0.2858,0.0,0.1405
493,22,0.0,0,7,0,2,0,0.27634660421545665,0.07,1,0.29,0.021,0.3058,0.0,0.169
589,28,0.0,0,8,0,1,0,0.27634660421545665,0.07,1,0.28,0.021,0.3258,0.0,0.1695
112,7,0.0,0,3,0,2,0,0.27634660421545665,0.07,1,0.17,0.021,0.2258,0.0,0.111
263,21,0.0,0,8,0,1,0,0.27634660421545665,0.07,1,0.28,0.021,0.3258,0.0,0.1695
69,2,0.0,0,1,0,0,0,0.27634660421545665,0.07,1,0.03,0.021,0.1858,0.0,0.054
128,27,0.0,0,6,0,1,0,0.27634660421545665,0.07,1,0.22,0.021,0.2858,0.0,0.1405
118,20,0.0,0,6,0,1,0,0.27634660421545665,0.07,1,0.22,0.021,0.2858,0.0,0.1405
96,12,0.0,0,2,0,0,0,0.27634660421545665,0.07,1,0.06,0.021,0.2058,0.0,0.0685
87,14,0.0,0,1,0,1,0,0.27634660421545665,0.07,1,0.07,0.021,0.1858,0.0,0.068
78,17,0.0,0,3,0,1,0,0.27634660421545665,0.07,1,0.13,0.021,0.2258,0.0,0.097
68,22,0.0,0,5,0,1,0,0.27634660421545665,0.07,1,0.19,0.021,0.2658,0.0,0.126
15,0,0.0,0,1,0,0,0,0.27634660421545665,0.07,1,0.03,0.021,0.1858,0.0,0.054
107,14,0.0,0,3,0,0,0,0.27634660421545665,0.07,1,0.09,0.021,0.2258,0.0,0.083
281,32,0.0,0,9,0,1,0,0.27634660421545665,0.07,1,0.31,0.021,0.3458,0.0,0.184
243,33,0.0,0,4,0,1,0,0.27634660421545665,0.07,1,0.16,0.021,0.2458,0.0,0.1115
202,24,0.0,0,11,0,1,0,0.27634660421545665,0.07,1,0.37,0.021,0.3858,0.0,0.213
33,0,0.0,0,1,0,0,0,0.1092436974789916,0.14,1,0.03,0.042,0.0855,0.0,0.0402
7,0,0.0,0,1,0,0,0,0.1092436974789916,0.14,1,0.03,0.042,0.0855,0.0,0.0402
15,0,0.0,0,1,0,0,0,0.1092436974789916,0.14,1,0.03,0.042,0.0855,0.0,0.0402
14,1,0.0,0,1,0,2,0,0.1092436974789916,0.14,1,0.11,0.042,0.0855,0.0,0.0682
22,3,0.0,0,1,0,2,0,0.1092436974789916,0.14,1,0.11,0.042,0.0855,0.0,0.0682
39,5,0.0,0,1,0,2,0,0.1092436974789916,0.14,1,0.11,0.042,0.0855,0.0,0.0682
35,0,0.0,0,1,0,0,0,0.1092436974789916,0.14,1,0.03,0.042,0.0855,0.0,0.0402
38,0,0.0,0,1,0,0,0,0.1092436974789916,0.14,1,0.03,0.042,0.0855,0.0,0.0402
36,5,0.0,0,1,0,0,0,0.1092436974789916,0.14,1,0.03,0.042,0.0855,0.0,0.0402
53,6,0.0,0,2,0,0,0,0.1092436974789916,0.14,1,0.06,0.042,0.1055,0.0,0.0547
98,6,0.0,0,5,0,0,0,0.1092436974789916,0.14,1,0.15,0.042,0.1655,0.0,0.0982
127,6,0.0,0,5,0,0,0,0.1092436974789916,0.14,1,0.15,0.042,0.1655,0.0,0.0982
37,1,0.0,0,1,0,0,0,0.1092436974789916,0.14,1,0.03,0.042,0.0855,0.0,0.0402
10,0,0.0,0,1,0,0,0,0.1092436974789916,0.14,1,0.03,0.042,0.0855,0.0,0.0402
188,3,0.0,0,1,0,0,0,0.1092436974789916,0.14,1,0.03,0.042,0.0855,0.0,0.0402
81,2,0.0,0,1,0,0,0,0.1092436974789916,0.14,1,0.03,0.042,0.0855,0.0,0.0402
21,1,0.0,0,1,0,0,0,0.1092436974789916,0.14,1,0.03,0.042,0.0855,0.0,0.0402
29,0,0.0,0,1,0,0,0,0.1092436974789916,0.14,1,0.03,0.042,0.0855,0.0,0.0402
68,2,0.0,0,1,0,0,0,0.1092436974789916,0.14,1,0.03,0.042,0.0855,0.0,0.0402
50,2,0.0,0,1,0,0,0,0.1092436974789916,0.14,1,0.03,0.042,0.0855,0.0,0.0402
62,2,0.0,0,1,0,0,0,0.1092436974789916,0.14,1,0.03,0.042,0.0855,0.0,0.0402
51,2,0.0,0,1,0,0,0,0.1092436974789916,0.14,1,0.03,0.042,0.0855,0.0,0.0402
41,2,0.0,0,1,0,0,0,0.1092436974789916,0.14,1,0.03,0.042,0.0855,0.0,0.0402
25,1,0.0,0,1,0,0,0,0.1092436974789916,0.14,1,0.03,0.042,0.0855,0.0,0.0402
17,0,0.0,0,1,0,0,0,0.1092436974789916,0.14,1,0.03,0.042,0.0855,0.0,0.0402
86,3,0.0,0,1,0,0,0,0.1092436974789916,0.14,1,0.03,0.042,0.0855,0.0,0.0402
89,4,0.0,0,1,0,0,0,0.1092436974789916,0.14,1,0.03,0.042,0.0855,0.0,0.0402
51,2,0.0,0,1,0,0,0,0.1092436974789916,0.14,1,0.03,0.042,0.0855,0.0,0.0402
39,1,0.0,0,1,0,0,0,0.1092436974789916,0.14,1,0.03,0.042,0.0855,0.0,0.0402
84,4,0.0,0,4,0,1,0,0.1092436974789916,0.14,1,0.16,0.042,0.1455,0.0,0.0977
25,1,0.0,0,1,0,0,0,0.1092436974789916,0.14,1,0.03,0.042,0.0855,0.0,0.0402
9,0,0.0,0,1,0,0,0,0.1092436974789916,0.14,1,0.03,0.042,0.0855,0.0,0.0402
203,23,0.0,0,2,0,1,0,0.1092436974789916,0.14,1,0.1,0.042,0.1055,0.0,0.0687
100,5,0.0,0,1,0,0,0,0.1092436974789916,0.14,1,0.03,0.042,0.0855,0.0,0.0402
18,1,0.0,0,1,0,0,0,0.1092436974789916,0.14,1,0.03,0.042,0.0855,0.0,0.0402
25,1,0.0,0,1,0,0,0,0.1092436974789916,0.14,1,0.03,0.042,0.0855,0.0,0.0402
70,1,0.0,0,1,0,0,0,0.1092436974789916,0.14,1,0.03,0.042,0.0855,0.0,0.0402
49,1,0.0,0,1,0,0,0,0.1092436974789916,0.14,1,0.03,0.042,0.0855,0.0,0.0402
34,1,0.0,0,1,0,0,0,0.1092436974789916,0.14,1,0.03,0.042,0.0855,0.0,0.0402
198,8,0.0,0,1,0,0,0,0.1092436974789916,0.14,1,0.03,0.042,0.0855,0.0,0.0402
78,6,0.0,0,7,0,1,0,0.1092436974789916,0.14,1,0.25,0.042,0.2055,0.0,0.1412
17,0,0.0,0,1,0,0,0,0.1092436974789916,0.14,1,0.03,0.042,0.0855,0.0,0.0402
43,2,0.0,0,1,0,0,0,0.1092436974789916,0.14,1,0.03,0.042,0.0855,0.0,0.0402
118,1,0.0,0,1,0,0,0,0.1092436974789916,0.14,1,0.03,0.042,0.0855,0.0,0.0402
34,1,0.0,0,1,0,0,0,0.1092436974789916,0.14,1,0.03,0.042,0.0855,0.0,0.0402
20,1,0.0,0,1,0,0,0,0.1092436974789916,0.14,1,0.03,0.042,0.0855,0.0,0.0402
58,3,0.0,0,1,0,1,0,0.1092436974789916,0.14,1,0.07,0.042,0.0855,0.0,0.0542
138,2,0.0,0,1,0,0,0,0.1092436974789916,0.14,1,0.03,0.042,0.0855,0.0,0.0402
16,1,0.0,0,1,0,0,0,0.1092436974789916,0.14,1,0.03,0.042,0.0855,0.0,0.0402
22,1,0.0,0,1,0,0,0,0.1092436974789916,0.14,1,0.03,0.042,0.0855,0.0,0.0402
16,1,0.0,0,1,0,0,0,0.1092436974789916,0.14,1,0.03,0.042,0.0855,0.0,0.0402
50,6,0.0,0,3,0,0,0,0.1092436974789916,0.14,1,0.09,0.042,0.1255,0.0,0.0692
13,0,0.0,0,1,0,0,0,0.1092436974789916,0.14,1,0.03,0.042,0.0855,0.0,0.0402
34,2,0.0,0,1,0,0,0,0.1092436974789916,0.14,1,0.03,0.042,0.0855,0.0,0.0402
60,2,0.0,0,1,0,0,0,0.1092436974789916,0.14,1,0.03,0.042,0.0855,0.0,0.0402
63,3,0.0,0,1,0,0,0,0.1092436974789916,0.14,1,0.03,0.042,0.0855,0.0,0.0402
71,2,0.0,0,2,0,0,0,0.1092436974789916,0.14,1,0.06,0.042,0.1055,0.0,0.0547
50,3,0.0,0,1,0,0,0,0.1092436974789916,0.14,1,0.03,0.042,0.0855,0.0,0.0402
29,0,0.0,0,1,0,0,0,0.4644982893565168,0.0,1,0.03,0.0,0.2987,0.0,0.0702
7,0,0.0,0,1,0,0,0,0.4644982893565168,0.0,1,0.03,0.0,0.2987,0.0,0.0702
33,1,0.0,0,1,0,0,0,0.4644982893565168,0.0,1,0.03,0.0,0.2987,0.0,0.0702
10,0,0.0,0,1,0,0,0,0.4644982893565168,0.0,1,0.03,0.0,0.2987,0.0,0.0702
20,9,0.0,0,1,0,0,0,0.4644982893565168,0.0,1,0.03,0.0,0.2987,0.0,0.0702
18,1,0.0,0,2,0,0,0,0.4644982893565168,0.0,1,0.06,0.0,0.3187,0.0,0.0847
16,1,0.0,0,2,0,0,0,0.4644982893565168,0.0,1,0.06,0.0,0.3187,0.0,0.0847
7,2,0.0,0,1,0,0,0,0.4644982893565168,0.0,1,0.03,0.0,0.2987,0.0,0.0702
7,2,0.0,0,1,0,0,0,0.4644982893565168,0.0,1,0.03,0.0,0.2987,0.0,0.0702
7,2,0.0,0,1,0,0,0,0.4644982893565168,0.0,1,0.03,0.0,0.2987,0.0,0.0702
18,8,0.0,0,1,0,0,0,0.4644982893565168,0.0,1,0.03,0.0,0.2987,0.0,0.0702
7,2,0.0,0,1,0,0,0,0.4644982893565168,0.0,1,0.03,0.0,0.2987,0.0,0.0702
7,3,0.0,0,1,0,0,0,0.4644982893565168,0.0,1,0.03,0.0,0.2987,0.0,0.0702
333,28,0.0,0,6,0,1,0,0.4644982893565168,0.0,1,0.22,0.0,0.3987,0.0,0.1567
473,34,0.0,0,20,0,3,0,0.4644982893565168,0.0,1,0.72,0.0,0.6787,0.0,0.3877
230,9,0.0,0,6,0,1,0,0.4644982893565168,0.0,1,0.22,0.0,0.3987,0.0,0.1567
294,7,0.0,0,7,0,2,0,0.4644982893565168,0.0,1,0.29,0.0,0.4187,0.0,0.1852
267,7,0.0,0,5,0,1,0,0.4644982893565168,0.0,1,0.19,0.0,0.3787,0.0,0.1422
233,8,0.0,0,9,0,1,0,0.4644982893565168,0.0,1,0.31,0.0,0.4587,0.0,0.2002
651,41,0.0,0,8,0,4,0,0.4644982893565168,0.0,1,0.4,0.0,0.4387,0.0,0.2277
29,0,0.0,0,1,0,0,0,0.4644982893565168,0.0,1,0.03,0.0,0.2987,0.0,0.0702
19,0,0.0,0,1,0,0,0,0.4644982893565168,0.0,1,0.03,0.0,0.2987,0.0,0.0702
32,1,0.0,0,1,0,0,0,0.4644982893565168,0.0,1,0.03,0.0,0.2987,0.0,0.0702
10,0,0.0,0,1,0,0,0,0.4644982893565168,0.0,1,0.03,0.0,0.2987,0.0,0.0702
56,1,0.0,0,1,0,0,0,0.4644982893565168,0.0,1,0.03,0.0,0.2987,0.0,0.0702
140,14,0.0,0,1,0,0,0,0.4644982893565168,0.0,1,0.03,0.0,0.2987,0.0,0.0702
16,1,0.0,0,1,0,0,0,0.4644982893565168,0.0,1,0.03,0.0,0.2987,0.0,0.0702
405,22,0.0,0,4,0,1,0,0.4644982893565168,0.0,1,0.16,0.0,0.3587,0.0,0.1277
201,12,0.0,0,1,0,0,0,0.4644982893565168,0.0,1,0.03,0.0,0.2987,0.0,0.0702
71,1,0.0,0,1,0,0,0,0.4644982893565168,0.0,1,0.03,0.0,0.2987,0.0,0.0702
138,2,0.0,0,1,0,0,0,0.4644982893565168,0.0,1,0.03,0.0,0.2987,0.0,0.0702
325,9,0.0,0,4,0,0,0,0.4644982893565168,0.0,1,0.12,0.0,0.3587,0.0,0.1137
240,3,0.0,0,1,0,0,0,0.4644982893565168,0.0,1,0.03,0.0,0.2987,0.0,0.0702
18,1,0.0,0,1,0,0,0,0.4644982893565168,0.0,1,0.03,0.0,0.2987,0.0,0.0702
102,3,0.0,0,1,0,0,0,0.4644982893565168,0.0,1,0.03,0.0,0.2987,0.0,0.0702
434,26,0.0,0,2,0,1,0,0.4644982893565168,0.0,1,0.1,0.0,0.3187,0.0,0.0987
273,5,0.0,0,3,0,0,0,0.4644982893565168,0.0,1,0.09,0.0,0.3387,0.0,0.0992
162,3,0.0,0,1,0,0,0,0.4644982893565168,0.0,1,0.03,0.0,0.2987,0.0,0.0702
280,11,0.0,0,1,0,0,0,0.4644982893565168,0.0,1,0.03,0.0,0.2987,0.0,0.0702
63,1,2.0,2,1,0,0,0,0.4644982893565168,0.0,1,0.03,0.0,0.2987,0.0,0.0702
92,4,15.0,20,5,1,2,2,0.4644982893565168,0.0,1,0.23,0.28,0.3787,0.0,0.2402
21,1,9.0,9,2,1,0,0,0.4644982893565168,0.0,1,0.06,0.0,0.3187,0.0,0.0847
17,1,8.0,8,3,1,0,0,0.4644982893565168,0.0,1,0.09,0.0,0.3387,0.0,0.0992
17,1,8.0,8,3,1,0,0,0.4644982893565168,0.0,1,0.09,0.0,0.3387,0.0,0.0992
122,6,12.333333333333334,26,8,1,0,0,0.4644982893565168,0.0,1,0.24,0.0,0.4387,0.0,0.1717
23,1,12.0,12,1,0,0,0,0.4644982893565168,0.0,1,0.03,0.0,0.2987,0.0,0.0702
18,1,9.0,9,2,1,0,0,0.4644982893565168,0.0,1,0.06,0.0,0.3187,0.0,0.0847
0,0,0.0,0,1,0,0,0,0.4644982893565168,0.0,1,0.03,0.0,0.2987,0.0,0.0702
85,1,74.0,74,6,2,0,0,0.4644982893565168,0.0,1,0.18,0.0,0.3987,0.0,0.1427
51,1,42.0,42,5,2,0,0,0.4644982893565168,0.0,1,0.15,0.0,0.3787,0.0,0.1282
114,2,41.5,57,5,2,0,0,0.4644982893565168,0.0,1,0.15,0.0,0.3787,0.0,0.1282
13,1,8.0,8,1,0,0,0,0.4644982893565168,0.0,1,0.03,0.0,0.2987,0.0,0.0702
29,1,11.0,11,2,1,0,0,0.4644982893565168,0.0,1,0.06,0.0,0.3187,0.0,0.0847
49,1,35.0,35,2,1,0,0,0.4644982893565168,0.0,1,0.06,0.0,0.3187,0.0,0.0847
70,0,0.0,0,1,0,0,0,0.4644982893565168,0.0,1,0.03,0.0,0.2987,0.0,0.0702
33,1,22.0,22,3,1,0,0,0.4644982893565168,0.0,1,0.09,0.0,0.3387,0.0,0.0992
27,0,0.0,0,1,0,0,0,0.4644982893565168,0.0,1,0.03,0.0,0.2987,0.0,0.0702
15,0,0.0,0,1,0,0,0,0.4644982893565168,0.0,1,0.03,0.0,0.2987,0.0,0.0702
22,0,0.0,0,1,0,0,0,0.4644982893565168,0.0,1,0.03,0.0,0.2987,0.0,0.0702
26,0,0.0,0,1,0,0,0,0.4644982893565168,0.0,1,0.03,0.0,0.2987,0.0,0.0702
20,0,0.0,0,1,0,0,0,0.4644982893565168,0.0,1,0.03,0.0,0.2987,0.0,0.0702
28,0,0.0,0,1,0,0,0,0.4644982893565168,0.0,1,0.03,0.0,0.2987,0.0,0.0702
34,0,0.0,0,1,0,0,0,0.4644982893565168,0.0,1,0.03,0.0,0.2987,0.0,0.0702
22,0,0.0,0,1,0,0,0,0.4644982893565168,0.0,1,0.03,0.0,0.2987,0.0,0.0702
43,1,26.0,26,6,3,0,0,0.4644982893565168,0.0,1,0.18,0.0,0.3987,0.0,0.1427
186,1,169.0,169,8,4,0,0,0.4644982893565168,0.0,1,0.24,0.0,0.4387,0.0,0.1717
178,1,174.0,174,30,6,0,0,0.4644982893565168,0.0,1,0.6,0.0,0.6787,0.0,0.3457
23,1,19.0,19,5,2,1,0,0.4644982893565168,0.0,1,0.19,0.0,0.3787,0.0,0.1422
33,1,29.0,29,9,3,1,0,0.4644982893565168,0.0,1,0.31,0.0,0.4587,0.0,0.2002
21,1,16.0,16,1,0,0,0,0.4644982893565168,0.0,1,0.03,0.0,0.2987,0.0,0.0702
116,2,54.5,97,15,3,2,0,0.4644982893565168,0.0,1,0.53,0.0,0.5787,0.0,0.3012
88,2,32.5,53,12,4,0,0,0.4644982893565168,0.0,1,0.36,0.0,0.5187,0.0,0.2297
35,1,26.0,26,4,1,0,0,0.4644982893565168,0.0,1,0.12,0.0,0.3587,0.0,0.1137
17,1,14.0,14,2,1,0,0,0.4644982893565168,0.0,1,0.06,0.0,0.3187,0.0,0.0847
27,1,15.0,15,2,0,1,1,0.4644982893565168,0.0,1,0.1,0.14,0.3187,0.0,0.1407
63,1,61.0,61,8,2,0,0,0.4644982893565168,0.0,1,0.24,0.0,0.4387,0.0,0.1717
167,3,52.333333333333336,139,10,2,0,0,0.4644982893565168,0.0,1,0.3,0.0,0.4787,0.0,0.2007
39,3,9.0,12,2,1,0,0,0.4644982893565168,0.0,1,0.06,0.0,0.3187,0.0,0.0847
51,3,13.0,17,2,1,0,0,0.4644982893565168,0.0,1,0.06,0.0,0.3187,0.0,0.0847
155,3,44.666666666666664,70,7,1,0,0,0.4644982893565168,0.0,1,0.21,0.0,0.4187,0.0,0.1572
21,1,18.0,18,5,3,0,0,0.4644982893565168,0.0,1,0.15,0.0,0.3787,0.0,0.1282
48,2,19.5,35,3,1,0,0,0.4644982893565168,0.0,1,0.09,0.0,0.3387,0.0,0.0992
0,0,0.0,0,1,0,0,0,0.4644982893565168,0.0,1,0.03,0.0,0.2987,0.0,0.0702
30,3,7.0,10,2,1,0,0,0.4644982893565168,0.0,1,0.06,0.0,0.3187,0.0,0.0847
0,0,0.0,0,1,0,0,0,0.4644982893565168,0.0,1,0.03,0.0,0.2987,0.0,0.0702
19,1,10.0,10,3,1,2,2,0.4644982893565168,0.0,1,0.17,0.28,0.3387,0.0,0.2112
10,1,4.0,4,1,0,1,1,0.4644982893565168,0.0,1,0.07,0.14,0.2987,0.0,0.1262
22,1,12.0,12,4,1,0,0,0.015060240963855422,0.0,0,0.12,0.0,0.089,0.2,0.0898
16,0,0.0,0,1,0,0,0,0.015060240963855422,0.0,0,0.03,0.0,0.029,0.05,0.0238
174,0,0.0,0,2,1,4,4,0.015060240963855422,0.0,0,0.22,0.56,0.049,0.1,0.2698
25,0,0.0,0,1,0,0,0,0.015060240963855422,0.0,0,0.03,0.0,0.029,0.05,0.0238
16,0,0.0,0,1,0,0,0,0.015060240963855422,0.0,0,0.03,0.0,0.029,0.05,0.0238
0,0,0.0,0,1,0,0,0,0.015060240963855422,0.0,0,0.03,0.0,0.029,0.05,0.0238
19,0,0.0,0,1,0,0,0,0.015060240963855422,0.0,0,0.03,0.0,0.029,0.05,0.0238
5,0,0.0,0,1,0,0,0,0.015060240963855422,0.0,0,0.03,0.0,0.029,0.05,0.0238
40,2,15.0,21,4,2,0,0,0.015060240963855422,0.0,0,0.12,0.0,0.089,0.2,0.0898
15,1,10.0,10,4,2,0,0,0.015060240963855422,0.0,0,0.12,0.0,0.089,0.2,0.0898
207,16,3.4375,14,9,3,1,1,0.015060240963855422,0.0,0,0.31,0.14,0.189,0.45,0.2558
725,33,19.303030303030305,70,103,4,7,5,0.015060240963855422,0.0,0,0.88,0.7,0.409,1.0,0.7498
26,1,20.0,20,12,5,0,0,0.015060240963855422,0.0,0,0.36,0.0,0.249,0.6,0.2658
223,14,3.5714285714285716,8,8,2,1,1,0.015060240963855422,0.0,0,0.28,0.14,0.169,0.4,0.2338
357,17,17.88235294117647,38,49,4,3,2,0.015060240963855422,0.0,0,0.72,0.28,0.409,1.0,0.5678
219,9,20.22222222222222,38,29,4,2,2,0.015060240963855422,0.0,0,0.68,0.28,0.409,1.0,0.5538
3,0,0.0,0,1,0,0,0,0.015060240963855422,0.0,0,0.03,0.0,0.029,0.05,0.0238
144,0,0.0,0,1,0,0,0,0.015060240963855422,0.0,0,0.03,0.0,0.029,0.05,0.0238
139,5,22.8,48,16,4,2,1,0.015060240963855422,0.0,0,0.56,0.14,0.329,0.8,0.4238
0,0,0.0,0,1,0,0,0,0.015060240963855422,0.0,0,0.03,0.0,0.029,0.05,0.0238
4435,340,0.0,0,348,0,2,0,0.015060240963855422,0.0,0,0.68,0.0,0.409,1.0,0.4698
1565,50,0.0,0,279,0,2,0,0.015060240963855422,0.0,0,0.68,0.0,0.409,1.0,0.4698
17,1,0.0,0,1,0,0,0,0.015060240963855422,0.0,0,0.03,0.0,0.029,0.05,0.0238
179,8,0.0,0,31,0,4,1,0.015060240963855422,0.0,0,0.76,0.14,0.409,1.0,0.5398
141,8,0.0,0,26,0,4,1,0.015060240963855422,0.0,0,0.76,0.14,0.409,1.0,0.5398
36,115,0.0,0,80,0,3,1,0.015060240963855422,0.0,0,0.72,0.14,0.409,1.0,0.5258
0,0,0.0,0,1,0,0,0,0.015060240963855422,0.0,0,0.03,0.0,0.029,0.05,0.0238
135,7,0.0,0,26,0,4,1,0.015060240963855422,0.0,0,0.76,0.14,0.409,1.0,0.5398
179,8,0.0,0,31,0,4,1,0.015060240963855422,0.0,0,0.76,0.14,0.409,1.0,0.5398
399,32,0.0,0,35,0,2,0,0.015060240963855422,0.0,0,0.68,0.0,0.409,1.0,0.4698
1512,80,0.0,0,128,0,2,0,0.015060240963855422,0.0,0,0.68,0.0,0.409,1.0,0.4698
1650,145,0.0,0,176,0,6,0,0.015060240963855422,0.0,0,0.84,0.0,0.409,1.0,0.5258
35,3,0.0,0,4,0,0,0,0.015060240963855422,0.0,0,0.12,0.0,0.089,0.2,0.0898
35,3,0.0,0,4,0,0,0,0.015060240963855422,0.0,0,0.12,0.0,0.089,0.2,0.0898
35,3,0.0,0,4,0,0,0,0.015060240963855422,0.0,0,0.12,0.0,0.089,0.2,0.0898
35,3,0.0,0,4,0,0,0,0.015060240963855422,0.0,0,0.12,0.0,0.089,0.2,0.0898
35,3,0.0,0,4,0,0,0,0.015060240963855422,0.0,0,0.12,0.0,0.089,0.2,0.0898
36,3,0.0,0,4,0,0,0,0.015060240963855422,0.0,0,0.12,0.0,0.089,0.2,0.0898
46,3,0.0,0,4,0,0,0,0.015060240963855422,0.0,0,0.12,0.0,0.089,0.2,0.0898
82,3,0.0,0,4,0,0,0,0.015060240963855422,0.0,0,0.12,0.0,0.089,0.2,0.0898
35,3,0.0,0,4,0,0,0,0.015060240963855422,0.0,0,0.12,0.0,0.089,0.2,0.0898
38,3,0.0,0,4,0,0,0,0.015060240963855422,0.0,0,0.12,0.0,0.089,0.2,0.0898
39,3,0.0,0,4,0,0,0,0.015060240963855422,0.0,0,0.12,0.0,0.089,0.2,0.0898
39,3,0.0,0,4,0,0,0,0.015060240963855422,0.0,0,0.12,0.0,0.089,0.2,0.0898
33,3,0.0,0,4,0,0,0,0.015060240963855422,0.0,0,0.12,0.0,0.089,0.2,0.0898
35,3,0.0,0,4,0,0,0,0.015060240963855422,0.0,0,0.12,0.0,0.089,0.2,0.0898
39,3,0.0,0,4,0,0,0,0.015060240963855422,0.0,0,0.12,0.0,0.089,0.2,0.0898
33,3,0.0,0,4,0,0,0,0.015060240963855422,0.0,0,0.12,0.0,0.089,0.2,0.0898
63,3,0.0,0,4,0,0,0,0.015060240963855422,0.0,0,0.12,0.0,0.089,0.2,0.0898
35,3,0.0,0,4,0,0,0,0.015060240963855422,0.0,0,0.12,0.0,0.089,0.2,0.0898
40,4,0.0,0,4,0,0,0,0.015060240963855422,0.0,0,0.12,0.0,0.089,0.2,0.0898
35,3,0.0,0,4,0,0,0,0.015060240963855422,0.0,0,0.12,0.0,0.089,0.2,0.0898
35,3,0.0,0,4,0,0,0,0.015060240963855422,0.0,0,0.12,0.0,0.089,0.2,0.0898
35,3,0.0,0,4,0,0,0,0.015060240963855422,0.0,0,0.12,0.0,0.089,0.2,0.0898
35,3,0.0,0,4,0,0,0,0.015060240963855422,0.0,0,0.12,0.0,0.089,0.2,0.0898
34,3,0.0,0,4,0,0,0,0.015060240963855422,0.0,0,0.12,0.0,0.089,0.2,0.0898
33,3,0.0,0,4,0,0,0,0.015060240963855422,0.0,0,0.12,0.0,0.089,0.2,0.0898
39,3,0.0,0,4,0,0,0,0.015060240963855422,0.0,0,0.12,0.0,0.089,0.2,0.0898
36,3,0.0,0,4,0,0,0,0.015060240963855422,0.0,0,0.12,0.0,0.089,0.2,0.0898
35,3,0.0,0,4,0,0,0,0.015060240963855422,0.0,0,0.12,0.0,0.089,0.2,0.0898
35,3,0.0,0,4,0,0,0,0.015060240963855422,0.0,0,0.12,0.0,0.089,0.2,0.0898
35,3,0.0,0,4,0,0,0,0.015060240963855422,0.0,0,0.12,0.0,0.089,0.2,0.0898
35,3,0.0,0,4,0,0,0,0.015060240963855422,0.0,0,0.12,0.0,0.089,0.2,0.0898
35,3,0.0,0,4,0,0,0,0.015060240963855422,0.0,0,0.12,0.0,0.089,0.2,0.0898
35,3,0.0,0,4,0,0,0,0.015060240963855422,0.0,0,0.12,0.0,0.089,0.2,0.0898
35,3,0.0,0,4,0,0,0,0.015060240963855422,0.0,0,0.12,0.0,0.089,0.2,0.0898
46,3,0.0,0,4,0,0,0,0.015060240963855422,0.0,0,0.12,0.0,0.089,0.2,0.0898
35,3,0.0,0,4,0,0,0,0.015060240963855422,0.0,0,0.12,0.0,0.089,0.2,0.0898
38,3,0.0,0,4,0,0,0,0.015060240963855422,0.0,0,0.12,0.0,0.089,0.2,0.0898
91,3,0.0,0,4,0,0,0,0.015060240963855422,0.0,0,0.12,0.0,0.089,0.2,0.0898
39,3,0.0,0,4,0,0,0,0.015060240963855422,0.0,0,0.12,0.0,0.089,0.2,0.0898
35,3,0.0,0,4,0,0,0,0.015060240963855422,0.0,0,0.12,0.0,0.089,0.2,0.0898
35,3,0.0,0,4,0,0,0,0.015060240963855422,0.0,0,0.12,0.0,0.089,0.2,0.0898
35,3,0.0,0,4,0,0,0,0.015060240963855422,0.0,0,0.12,0.0,0.089,0.2,0.0898
35,3,0.0,0,4,0,0,0,0.015060240963855422,0.0,0,0.12,0.0,0.089,0.2,0.0898
33,3,0.0,0,4,0,0,0,0.015060240963855422,0.0,0,0.12,0.0,0.089,0.2,0.0898
35,3,0.0,0,4,0,0,0,0.015060240963855422,0.0,0,0.12,0.0,0.089,0.2,0.0898
36,3,0.0,0,4,0,0,0,0.015060240963855422,0.0,0,0.12,0.0,0.089,0.2,0.0898
36,3,0.0,0,4,0,0,0,0.015060240963855422,0.0,0,0.12,0.0,0.089,0.2,0.0898
35,3,0.0,0,4,0,0,0,0.015060240963855422,0.0,0,0.12,0.0,0.089,0.2,0.0898
35,3,0.0,0,4,0,0,0,0.015060240963855422,0.0,0,0.12,0.0,0.089,0.2,0.0898
35,3,0.0,0,4,0,0,0,0.015060240963855422,0.0,0,0.12,0.0,0.089,0.2,0.0898
36,3,0.0,0,4,0,0,0,0.015060240963855422,0.0,0,0.12,0.0,0.089,0.2,0.0898
35,3,0.0,0,4,0,0,0,0.015060240963855422,0.0,0,0.12,0.0,0.089,0.2,0.0898
35,3,0.0,0,4,0,0,0,0.015060240963855422,0.0,0,0.12,0.0,0.089,0.2,0.0898
35,3,0.0,0,4,0,0,0,0.015060240963855422,0.0,0,0.12,0.0,0.089,0.2,0.0898
36,3,0.0,0,4,0,0,0,0.015060240963855422,0.0,0,0.12,0.0,0.089,0.2,0.0898
37,3,0.0,0,4,0,0,0,0.015060240963855422,0.0,0,0.12,0.0,0.089,0.2,0.0898
24,5,0.0,0,4,0,0,0,0.015060240963855422,0.0,0,0.12,0.0,0.089,0.2,0.0898
24,5,0.0,0,4,0,0,0,0.015060240963855422,0.0,0,0.12,0.0,0.089,0.2,0.0898
24,5,0.0,0,4,0,0,0,0.015060240963855422,0.0,0,0.12,0.0,0.089,0.2,0.0898
24,5,0.0,0,4,0,0,0,0.015060240963855422,0.0,0,0.12,0.0,0.089,0.2,0.0898
24,5,0.0,0,4,0,0,0,0.015060240963855422,0.0,0,0.12,0.0,0.089,0.2,0.0898
21,4,0.0,0,4,0,0,0,0.015060240963855422,0.0,0,0.12,0.0,0.089,0.2,0.0898
72,7,0.0,0,2,0,0,0,0.015060240963855422,0.0,0,0.06,0.0,0.049,0.1,0.0458
58,4,0.0,0,1,0,0,0,0.015060240963855422,0.0,0,0.03,0.0,0.029,0.05,0.0238
58,4,0.0,0,1,0,0,0,0.015060240963855422,0.0,0,0.03,0.0,0.029,0.05,0.0238
121,12,0.0,0,3,0,0,0,0.015060240963855422,0.0,0,0.09,0.0,0.069,0.15,0.0678
58,4,0.0,0,1,0,0,0,0.015060240963855422,0.0,0,0.03,0.0,0.029,0.05,0.0238
103,10,0.0,0,2,0,0,0,0.015060240963855422,0.0,0,0.06,0.0,0.049,0.1,0.0458
58,4,0.0,0,1,0,0,0,0.015060240963855422,0.0,0,0.03,0.0,0.029,0.05,0.0238
134,13,0.0,0,3,0,0,0,0.015060240963855422,0.0,0,0.09,0.0,0.069,0.15,0.0678
104,7,0.0,0,7,0,0,0,0.015060240963855422,0.0,0,0.21,0.0,0.149,0.35,0.1558
131,11,0.0,0,11,0,0,0,0.015060240963855422,0.0,0,0.33,0.0,0.229,0.55,0.2438
89,6,0.0,0,13,0,0,0,0.015060240963855422,0.0,0,0.39,0.0,0.269,0.65,0.2878
57,4,0.0,0,1,0,0,0,0.015060240963855422,0.0,0,0.03,0.0,0.029,0.05,0.0238
118,10,0.0,0,10,0,0,0,0.015060240963855422,0.0,0,0.3,0.0,0.209,0.5,0.2218
118,10,0.0,0,10,0,0,0,0.015060240963855422,0.0,0,0.3,0.0,0.209,0.5,0.2218
107,10,0.0,0,5,0,0,0,0.015060240963855422,0.0,0,0.15,0.0,0.109,0.25,0.1118
150,7,0.0,0,20,0,0,0,0.015060240963855422,0.0,0,0.6,0.0,0.409,1.0,0.4418
87,10,0.0,0,2,0,0,0,0.015060240963855422,0.0,0,0.06,0.0,0.049,0.1,0.0458
171,8,0.0,0,10,0,0,0,0.015060240963855422,0.0,0,0.3,0.0,0.209,0.5,0.2218
62,5,0.0,0,1,0,0,0,0.015060240963855422,0.0,0,0.03,0.0,0.029,0.05,0.0238
79,5,0.0,0,5,0,0,0,0.015060240963855422,0.0,0,0.15,0.0,0.109,0.25,0.1118
59,4,0.0,0,1,0,0,0,0.015060240963855422,0.0,0,0.03,0.0,0.029,0.05,0.0238
75,5,0.0,0,1,0,0,0,0.015060240963855422,0.0,0,0.03,0.0,0.029,0.05,0.0238
75,5,0.0,0,1,0,0,0,0.015060240963855422,0.0,0,0.03,0.0,0.029,0.05,0.0238
75,5,0.0,0,1,0,0,0,0.015060240963855422,0.0,0,0.03,0.0,0.029,0.05,0.0238
98,8,0.0,0,2,0,0,0,0.015060240963855422,0.0,0,0.06,0.0,0.049,0.1,0.0458
99,10,0.0,0,7,0,0,0,0.015060240963855422,0.0,0,0.21,0.0,0.149,0.35,0.1558
66,5,0.0,0,1,0,0,0,0.015060240963855422,0.0,0,0.03,0.0,0.029,0.05,0.0238
62,5,0.0,0,1,0,0,0,0.015060240963855422,0.0,0,0.03,0.0,0.029,0.05,0.0238
66,5,0.0,0,1,0,0,0,0.015060240963855422,0.0,0,0.03,0.0,0.029,0.05,0.0238
66,5,0.0,0,1,0,0,0,0.015060240963855422,0.0,0,0.03,0.0,0.029,0.05,0.0238
61,5,0.0,0,1,0,0,0,0.015060240963855422,0.0,0,0.03,0.0,0.029,0.05,0.0238
66,5,0.0,0,1,0,0,0,0.015060240963855422,0.0,0,0.03,0.0,0.029,0.05,0.0238
66,5,0.0,0,1,0,0,0,0.015060240963855422,0.0,0,0.03,0.0,0.029,0.05,0.0238
70,6,0.0,0,2,0,0,0,0.015060240963855422,0.0,0,0.06,0.0,0.049,0.1,0.0458
91,10,0.0,0,4,0,0,0,0.015060240963855422,0.0,0,0.12,0.0,0.089,0.2,0.0898
91,10,0.0,0,4,0,0,0,0.015060240963855422,0.0,0,0.12,0.0,0.089,0.2,0.0898
91,10,0.0,0,4,0,0,0,0.015060240963855422,0.0,0,0.12,0.0,0.089,0.2,0.0898
79,5,0.0,0,2,0,0,0,0.015060240963855422,0.0,0,0.06,0.0,0.049,0.1,0.0458
65,4,0.0,0,1,0,0,0,0.015060240963855422,0.0,0,0.03,0.0,0.029,0.05,0.0238
105,10,0.0,0,2,0,0,0,0.015060240963855422,0.0,0,0.06,0.0,0.049,0.1,0.0458
108,6,0.0,0,2,0,0,0,0.015060240963855422,0.0,0,0.06,0.0,0.049,0.1,0.0458
59,4,0.0,0,1,0,0,0,0.015060240963855422,0.0,0,0.03,0.0,0.029,0.05,0.0238
73,5,0.0,0,2,0,0,0,0.015060240963855422,0.0,0,0.06,0.0,0.049,0.1,0.0458
77,5,0.0,0,2,0,0,0,0.015060240963855422,0.0,0,0.06,0.0,0.049,0.1,0.0458
82,5,0.0,0,2,0,0,0,0.015060240963855422,0.0,0,0.06,0.0,0.049,0.1,0.0458
74,6,0.0,0,4,0,0,0,0.015060240963855422,0.0,0,0.12,0.0,0.089,0.2,0.0898
76,5,0.0,0,1,0,0,0,0.015060240963855422,0.0,0,0.03,0.0,0.029,0.05,0.0238
75,5,0.0,0,1,0,0,0,0.015060240963855422,0.0,0,0.03,0.0,0.029,0.05,0.0238
76,10,0.0,0,2,0,0,0,0.015060240963855422,0.0,0,0.06,0.0,0.049,0.1,0.0458
122,8,0.0,0,17,0,0,0,0.015060240963855422,0.0,0,0.51,0.0,0.349,0.85,0.3758
123,10,0.0,0,16,0,0,0,0.015060240963855422,0.0,0,0.48,0.0,0.329,0.8,0.3538
96,10,0.0,0,14,0,0,0,0.015060240963855422,0.0,0,0.42,0.0,0.289,0.7,0.3098
123,10,0.0,0,16,0,0,0,0.015060240963855422,0.0,0,0.48,0.0,0.329,0.8,0.3538
153,7,0.0,0,20,0,0,0,0.015060240963855422,0.0,0,0.6,0.0,0.409,1.0,0.4418
109,10,0.0,0,3,0,0,0,0.015060240963855422,0.0,0,0.09,0.0,0.069,0.15,0.0678
94,9,0.0,0,8,0,0,0,0.015060240963855422,0.0,0,0.24,0.0,0.169,0.4,0.1778
81,6,0.0,0,12,0,0,0,0.015060240963855422,0.0,0,0.36,0.0,0.249,0.6,0.2658
131,6,0.0,0,21,0,0,0,0.015060240963855422,0.0,0,0.6,0.0,0.409,1.0,0.4418
68,6,0.0,0,2,0,0,0,0.015060240963855422,0.0,0,0.06,0.0,0.049,0.1,0.0458
68,6,0.0,0,2,0,0,0,0.015060240963855422,0.0,0,0.06,0.0,0.049,0.1,0.0458
91,9,0.0,0,5,0,0,0,0.015060240963855422,0.0,0,0.15,0.0,0.109,0.25,0.1118
81,6,0.0,0,12,0,0,0,0.015060240963855422,0.0,0,0.36,0.0,0.249,0.6,0.2658
88,7,0.0,0,6,0,0,0,0.015060240963855422,0.0,0,0.18,0.0,0.129,0.3,0.1338
86,5,0.0,0,1,0,0,0,0.015060240963855422,0.0,0,0.03,0.0,0.029,0.05,0.0238
109,10,0.0,0,2,0,0,0,0.015060240963855422,0.0,0,0.06,0.0,0.049,0.1,0.0458
125,11,0.0,0,16,0,0,0,0.015060240963855422,0.0,0,0.48,0.0,0.329,0.8,0.3538
80,7,0.0,0,2,0,0,0,0.015060240963855422,0.0,0,0.06,0.0,0.049,0.1,0.0458
118,10,0.0,0,2,0,0,0,0.015060240963855422,0.0,0,0.06,0.0,0.049,0.1,0.0458
86,5,0.0,0,1,0,0,0,0.015060240963855422,0.0,0,0.03,0.0,0.029,0.05,0.0238
135,9,0.0,0,15,0,0,0,0.015060240963855422,0.0,0,0.45,0.0,0.309,0.75,0.3318
69,7,0.0,0,2,0,0,0,0.015060240963855422,0.0,0,0.06,0.0,0.049,0.1,0.0458
117,10,0.0,0,6,0,0,0,0.015060240963855422,0.0,0,0.18,0.0,0.129,0.3,0.1338
96,8,0.0,0,2,0,0,0,0.015060240963855422,0.0,0,0.06,0.0,0.049,0.1,0.0458
111,8,0.0,0,3,0,0,0,0.015060240963855422,0.0,0,0.09,0.0,0.069,0.15,0.0678
63,4,0.0,0,1,0,0,0,0.015060240963855422,0.0,0,0.03,0.0,0.029,0.05,0.0238
89,6,0.0,0,13,0,0,0,0.015060240963855422,0.0,0,0.39,0.0,0.269,0.65,0.2878
80,6,0.0,0,10,0,0,0,0.015060240963855422,0.0,0,0.3,0.0,0.209,0.5,0.2218
103,8,0.0,0,4,0,0,0,0.015060240963855422,0.0,0,0.12,0.0,0.089,0.2,0.0898
159,11,0.0,0,19,0,0,0,0.015060240963855422,0.0,0,0.57,0.0,0.389,0.95,0.4198
81,6,0.0,0,12,0,0,0,0.015060240963855422,0.0,0,0.36,0.0,0.249,0.6,0.2658
81,6,0.0,0,12,0,0,0,0.015060240963855422,0.0,0,0.36,0.0,0.249,0.6,0.2658
59,4,0.0,0,1,0,0,0,0.015060240963855422,0.0,0,0.03,0.0,0.029,0.05,0.0238
92,8,0.0,0,1,0,0,0,0.015060240963855422,0.0,0,0.03,0.0,0.029,0.05,0.0238
61,4,0.0,0,1,0,0,0,0.015060240963855422,0.0,0,0.03,0.0,0.029,0.05,0.0238
122,10,0.0,0,16,0,0,0,0.015060240963855422,0.0,0,0.48,0.0,0.329,0.8,0.3538
86,6,0.0,0,4,0,0,0,0.015060240963855422,0.0,0,0.12,0.0,0.089,0.2,0.0898
86,6,0.0,0,4,0,0,0,0.015060240963855422,0.0,0,0.12,0.0,0.089,0.2,0.0898
59,4,0.0,0,1,0,0,0,0.015060240963855422,0.0,0,0.03,0.0,0.029,0.05,0.0238
123,10,0.0,0,16,0,0,0,0.015060240963855422,0.0,0,0.48,0.0,0.329,0.8,0.3538
125,9,0.0,0,9,0,0,0,0.015060240963855422,0.0,0,0.27,0.0,0.189,0.45,0.1998
60,5,0.0,0,1,0,0,0,0.015060240963855422,0.0,0,0.03,0.0,0.029,0.05,0.0238
64,5,0.0,0,1,0,0,0,0.015060240963855422,0.0,0,0.03,0.0,0.029,0.05,0.0238
74,5,0.0,0,2,0,0,0,0.015060240963855422,0.0,0,0.06,0.0,0.049,0.1,0.0458
181,11,0.0,0,14,0,0,0,0.015060240963855422,0.0,0,0.42,0.0,0.289,0.7,0.3098
97,8,0.0,0,2,0,0,0,0.015060240963855422,0.0,0,0.06,0.0,0.049,0.1,0.0458
59,4,0.0,0,1,0,0,0,0.015060240963855422,0.0,0,0.03,0.0,0.029,0.05,0.0238
70,7,0.0,0,2,0,0,0,0.015060240963855422,0.0,0,0.06,0.0,0.049,0.1,0.0458
155,8,0.0,0,10,0,0,0,0.015060240963855422,0.0,0,0.3,0.0,0.209,0.5,0.2218
172,7,0.0,0,32,0,1,0,0.015060240963855422,0.0,0,0.64,0.0,0.409,1.0,0.4558
67,6,0.0,0,1,0,0,0,0.015060240963855422,0.0,0,0.03,0.0,0.029,0.05,0.0238
110,8,0.0,0,3,0,0,0,0.015060240963855422,0.0,0,0.09,0.0,0.069,0.15,0.0678
110,8,0.0,0,3,0,0,0,0.015060240963855422,0.0,0,0.09,0.0,0.069,0.15,0.0678
87,6,0.0,0,13,0,0,0,0.015060240963855422,0.0,0,0.39,0.0,0.269,0.65,0.2878
68,5,0.0,0,1,0,0,0,0.015060240963855422,0.0,0,0.03,0.0,0.029,0.05,0.0238
58,4,0.0,0,1,0,0,0,0.015060240963855422,0.0,0,0.03,0.0,0.029,0.05,0.0238
128,11,0.0,0,18,0,0,0,0.015060240963855422,0.0,0,0.54,0.0,0.369,0.9,0.3978
88,6,0.0,0,16,0,0,0,0.015060240963855422,0.0,0,0.48,0.0,0.329,0.8,0.3538
66,5,0.0,0,1,0,0,0,0.015060240963855422,0.0,0,0.03,0.0,0.029,0.05,0.0238
115,7,0.0,0,16,0,0,0,0.015060240963855422,0.0,0,0.48,0.0,0.329,0.8,0.3538
66,6,0.0,0,2,0,0,0,0.015060240963855422,0.0,0,0.06,0.0,0.049,0.1,0.0458
61,5,0.0,0,1,0,0,0,0.015060240963855422,0.0,0,0.03,0.0,0.029,0.05,0.0238
121,8,0.0,0,5,0,0,0,0.015060240963855422,0.0,0,0.15,0.0,0.109,0.25,0.1118
93,5,0.0,0,3,0,0,0,0.015060240963855422,0.0,0,0.09,0.0,0.069,0.15,0.0678
90,7,0.0,0,2,0,0,0,0.015060240963855422,0.0,0,0.06,0.0,0.049,0.1,0.0458
57,4,0.0,0,1,0,0,0,0.015060240963855422,0.0,0,0.03,0.0,0.029,0.05,0.0238
57,4,0.0,0,1,0,0,0,0.015060240963855422,0.0,0,0.03,0.0,0.029,0.05,0.0238
118,9,0.0,0,15,0,0,0,0.015060240963855422,0.0,0,0.45,0.0,0.309,0.75,0.3318
153,13,0.0,0,13,0,0,0,0.015060240963855422,0.0,0,0.39,0.0,0.269,0.65,0.2878
97,8,0.0,0,2,0,0,0,0.015060240963855422,0.0,0,0.06,0.0,0.049,0.1,0.0458
57,4,0.0,0,1,0,0,0,0.015060240963855422,0.0,0,0.03,0.0,0.029,0.05,0.0238
57,4,0.0,0,1,0,0,0,0.015060240963855422,0.0,0,0.03,0.0,0.029,0.05,0.0238
78,7,0.0,0,2,0,0,0,0.015060240963855422,0.0,0,0.06,0.0,0.049,0.1,0.0458
67,5,0.0,0,1,0,0,0,0.015060240963855422,0.0,0,0.03,0.0,0.029,0.05,0.0238
59,4,0.0,0,1,0,0,0,0.015060240963855422,0.0,0,0.03,0.0,0.029,0.05,0.0238
109,7,0.0,0,15,0,0,0,0.015060240963855422,0.0,0,0.45,0.0,0.309,0.75,0.3318
102,7,0.0,0,17,0,0,0,0.015060240963855422,0.0,0,0.51,0.0,0.349,0.85,0.3758
102,7,0.0,0,17,0,0,0,0.015060240963855422,0.0,0,0.51,0.0,0.349,0.85,0.3758
1062,69,0.0,0,55,0,4,0,0.015060240963855422,0.0,0,0.76,0.0,0.409,1.0,0.4978
2462,126,0.0,0,114,0,7,0,0.015060240963855422,0.0,0,0.88,0.0,0.409,1.0,0.5398
1113,69,0.0,0,55,0,4,0,0.015060240963855422,0.0,0,0.76,0.0,0.409,1.0,0.4978
2616,140,0.0,0,120,0,7,0,0.015060240963855422,0.0,0,0.88,0.0,0.409,1.0,0.5398
1151,72,0.0,0,55,0,4,0,0.015060240963855422,0.0,0,0.76,0.0,0.409,1.0,0.4978
2624,143,0.0,0,120,0,7,0,0.015060240963855422,0.0,0,0.88,0.0,0.409,1.0,0.5398
210,13,0.0,0,14,0,0,0,0.015060240963855422,0.0,0,0.42,0.0,0.289,0.7,0.3098
2779,171,0.0,0,394,0,2,0,0.015060240963855422,0.0,0,0.68,0.0,0.409,1.0,0.4698
31,2,0.0,0,1,0,3,0,0.0,0.0,0,0.15,0.0,0.02,0.05,0.064
152,7,0.0,0,15,0,0,0,0.0,0.0,0,0.45,0.0,0.3,0.75,0.33
105,7,0.0,0,7,0,0,0,0.0,0.0,0,0.21,0.0,0.14,0.35,0.154
26,2,0.0,0,2,0,0,0,0.0,0.0,0,0.06,0.0,0.04,0.1,0.044
62,5,0.0,0,3,0,0,0,0.0,0.0,0,0.09,0.0,0.06,0.15,0.066
291,18,0.0,0,14,0,1,0,0.0,0.0,0,0.46,0.0,0.28,0.7,0.322
164,12,0.0,0,6,0,0,0,0.0,0.0,0,0.18,0.0,0.12,0.3,0.132
205,13,0.0,0,10,0,0,0,0.0,0.0,0,0.3,0.0,0.2,0.5,0.22
28,0,0.0,0,1,0,0,0,0.0,0.0,0,0.03,0.0,0.02,0.05,0.022
24,0,0.0,0,1,0,0,0,0.0,0.0,0,0.03,0.0,0.02,0.05,0.022
22,0,0.0,0,1,0,0,0,0.0,0.0,0,0.03,0.0,0.02,0.05,0.022
15,0,0.0,0,1,0,0,0,0.0,0.0,0,0.03,0.0,0.02,0.05,0.022
60,0,0.0,0,1,0,0,0,0.0,0.0,0,0.03,0.0,0.02,0.05,0.022
31,0,0.0,0,1,0,0,0,0.0,0.0,0,0.03,0.0,0.02,0.05,0.022
49,0,0.0,0,1,0,0,0,0.0,0.0,0,0.03,0.0,0.02,0.05,0.022
119,0,0.0,0,1,0,0,0,0.0,0.0,0,0.03,0.0,0.02,0.05,0.022
53,2,0.0,0,1,0,0,0,0.0,0.0,0,0.03,0.0,0.02,0.05,0.022
15,0,0.0,0,1,0,0,0,0.0,0.0,0,0.03,0.0,0.02,0.05,0.022
103,4,0.0,0,1,0,0,0,0.0,0.0,0,0.03,0.0,0.02,0.05,0.022
60,5,0.0,0,8,0,0,0,0.0,0.0,0,0.24,0.0,0.16,0.4,0.176
104,0,0.0,0,1,0,0,0,0.0,0.0,0,0.03,0.0,0.02,0.05,0.022
214,14,0.0,0,10,0,0,0,0.0,0.0,0,0.3,0.0,0.2,0.5,0.22
92,6,0.0,0,1,0,0,0,0.0,0.0,0,0.03,0.0,0.02,0.05,0.022
45,1,0.0,0,1,0,0,0,0.0,0.0,0,0.03,0.0,0.02,0.05,0.022
42,4,0.0,0,1,0,0,0,0.0,0.0,0,0.03,0.0,0.02,0.05,0.022
45,3,0.0,0,2,0,0,0,0.0,0.0,0,0.06,0.0,0.04,0.1,0.044
63,5,0.0,0,3,0,1,0,0.0,0.0,0,0.13,0.0,0.06,0.15,0.08
34,2,0.0,0,1,0,0,0,0.0,0.0,0,0.03,0.0,0.02,0.05,0.022
74,6,0.0,0,1,0,0,0,0.0,0.0,0,0.03,0.0,0.02,0.05,0.022
71,6,0.0,0,1,0,0,0,0.0,0.0,0,0.03,0.0,0.02,0.05,0.022
65,6,0.0,0,1,0,0,0,0.0,0.0,0,0.03,0.0,0.02,0.05,0.022
167,8,0.0,0,17,0,0,0,0.0,0.0,0,0.51,0.0,0.34,0.85,0.374
99,1,0.0,0,1,0,0,0,0.0,0.0,0,0.03,0.0,0.02,0.05,0.022
291,9,0.0,0,28,0,1,0,0.0,0.0,0,0.64,0.0,0.4,1.0,0.454
73,4,0.0,0,1,0,0,0,0.0,0.0,0,0.03,0.0,0.02,0.05,0.022
172,3,0.0,0,1,0,0,0,0.0,0.0,0,0.03,0.0,0.02,0.05,0.022
105,6,0.0,0,1,0,0,0,0.0,0.0,0,0.03,0.0,0.02,0.05,0.022
105,10,0.0,0,4,0,3,0,0.0,0.0,0,0.24,0.0,0.08,0.2,0.13
217,7,0.0,0,15,0,1,0,0.0,0.0,0,0.49,0.0,0.3,0.75,0.344
85,1,0.0,0,1,0,0,0,0.0,0.0,0,0.03,0.0,0.02,0.05,0.022
120,6,0.0,0,6,0,0,0,0.0,0.0,0,0.18,0.0,0.12,0.3,0.132
291,28,0.0,0,2,0,4,0,0.0,0.0,0,0.22,0.0,0.04,0.1,0.1
205,20,0.0,0,2,0,4,0,0.0,0.0,0,0.22,0.0,0.04,0.1,0.1
81,8,0.0,0,4,0,0,0,0.0,0.0,0,0.12,0.0,0.08,0.2,0.088
102,12,0.0,0,2,0,1,0,0.0,0.0,0,0.1,0.0,0.04,0.1,0.058
142,13,0.0,0,9,0,0,0,0.0,0.0,0,0.27,0.0,0.18,0.45,0.198
71,6,0.0,0,2,0,1,0,0.0,0.0,0,0.1,0.0,0.04,0.1,0.058
214,24,0.0,0,6,0,5,0,0.0,0.0,0,0.38,0.0,0.12,0.3,0.202
197,13,0.0,0,10,0,0,0,0.0,0.0,0,0.3,0.0,0.2,0.5,0.22
181,12,0.0,0,10,0,0,0,0.0,0.0,0,0.3,0.0,0.2,0.5,0.22
455,42,0.0,0,7,0,4,0,0.0,0.0,0,0.37,0.0,0.14,0.35,0.21
115,14,0.0,0,2,0,3,0,0.0,0.0,0,0.18,0.0,0.04,0.1,0.086
183,15,0.0,0,6,0,0,0,0.0,0.0,0,0.18,0.0,0.12,0.3,0.132
211,16,0.0,0,2,0,2,0,0.0,0.0,0,0.14,0.0,0.04,0.1,0.072
106,9,0.0,0,6,0,0,0,0.0,0.0,0,0.18,0.0,0.12,0.3,0.132
82,9,0.0,0,5,0,1,0,0.0,0.0,0,0.19,0.0,0.1,0.25,0.124
107,8,0.0,0,9,0,1,0,0.0,0.0,0,0.31,0.0,0.18,0.45,0.212
169,19,0.0,0,7,0,4,0,0.0,0.0,0,0.37,0.0,0.14,0.35,0.21
64,4,0.0,0,2,0,1,0,0.0,0.0,0,0.1,0.0,0.04,0.1,0.058
116,6,0.0,0,4,0,0,0,0.0,0.0,0,0.12,0.0,0.08,0.2,0.088
118,3,0.0,0,1,0,0,0,0.0,0.0,0,0.03,0.0,0.02,0.05,0.022
136,5,0.0,0,2,0,0,0,0.0,0.0,0,0.06,0.0,0.04,0.1,0.044
106,2,0.0,0,4,0,2,0,0.0,0.0,0,0.2,0.0,0.08,0.2,0.116
64,1,0.0,0,1,0,0,0,0.0,0.0,0,0.03,0.0,0.02,0.05,0.022
143,12,0.0,0,7,0,2,0,0.0,0.0,0,0.29,0.0,0.14,0.35,0.182
191,13,0.0,0,5,0,2,0,0.0,0.0,0,0.23,0.0,0.1,0.25,0.138
178,17,0.0,0,6,0,3,0,0.0,0.0,0,0.3,0.0,0.12,0.3,0.174
9,1,0.0,0,1,0,0,0,0.0,0.0,0,0.03,0.0,0.02,0.05,0.022
125,3,0.0,0,1,0,0,0,0.0,0.0,0,0.03,0.0,0.02,0.05,0.022
99,4,0.0,0,1,0,0,0,0.0,0.0,0,0.03,0.0,0.02,0.05,0.022
47,2,0.0,0,4,0,2,0,0.0,0.0,0,0.2,0.0,0.08,0.2,0.116
61,2,0.0,0,1,0,0,0,0.0,0.0,0,0.03,0.0,0.02,0.05,0.022
216,12,0.0,0,9,0,2,0,0.0,0.0,0,0.35,0.0,0.18,0.45,0.226
20,0,0.0,0,1,0,0,0,0.0,0.0,0,0.03,0.0,0.02,0.05,0.022
22,2,0.0,0,2,0,0,0,0.0,0.0,0,0.06,0.0,0.04,0.1,0.044
42,4,0.0,0,1,0,0,0,0.0,0.0,0,0.03,0.0,0.02,0.05,0.022
22,2,0.0,0,2,0,0,0,0.0,0.0,0,0.06,0.0,0.04,0.1,0.044
42,4,0.0,0,1,0,0,0,0.0,0.0,0,0.03,0.0,0.02,0.05,0.022
99,12,0.0,0,7,0,0,0,0.0,0.0,0,0.21,0.0,0.14,0.35,0.154
92,11,0.0,0,1,0,0,0,0.0,0.0,0,0.03,0.0,0.02,0.05,0.022
55,6,0.0,0,4,0,0,0,0.0,0.0,0,0.12,0.0,0.08,0.2,0.088
57,6,0.0,0,1,0,0,0,0.0,0.0,0,0.03,0.0,0.02,0.05,0.022
50,6,0.0,0,3,0,0,0,0.0,0.0,0,0.09,0.0,0.06,0.15,0.066
56,6,0.0,0,1,0,0,0,0.0,0.0,0,0.03,0.0,0.02,0.05,0.022
126,17,0.0,0,9,0,1,0,0.0,0.0,0,0.31,0.0,0.18,0.45,0.212
102,13,0.0,0,1,0,0,0,0.0,0.0,0,0.03,0.0,0.02,0.05,0.022
51,1,0.0,0,1,0,0,0,0.17111470548591454,0.08,1,0.03,0.024,0.1227,0.0,0.0422
15,1,0.0,0,1,0,0,0,0.17111470548591454,0.08,1,0.03,0.024,0.1227,0.0,0.0422
8,1,0.0,0,1,0,0,0,0.17111470548591454,0.08,1,0.03,0.024,0.1227,0.0,0.0422
37,1,0.0,0,3,0,2,0,0.17111470548591454,0.08,1,0.17,0.024,0.1627,0.0,0.0992
8,1,0.0,0,1,0,0,0,0.17111470548591454,0.08,1,0.03,0.024,0.1227,0.0,0.0422
8,1,0.0,0,1,0,0,0,0.17111470548591454,0.08,1,0.03,0.024,0.1227,0.0,0.0422
39,1,0.0,0,1,0,0,0,0.17111470548591454,0.08,1,0.03,0.024,0.1227,0.0,0.0422
110,10,0.0,0,3,0,0,0,0.17111470548591454,0.08,1,0.09,0.024,0.1627,0.0,0.0712
91,1,0.0,0,1,0,0,0,0.17111470548591454,0.08,1,0.03,0.024,0.1227,0.0,0.0422
289,16,0.0,0,5,0,1,0,0.17111470548591454,0.08,1,0.19,0.024,0.2027,0.0,0.1142
451,18,0.0,0,19,0,2,0,0.17111470548591454,0.08,1,0.65,0.024,0.4827,0.0,0.3312
243,10,0.0,0,1,0,0,0,0.17111470548591454,0.08,1,0.03,0.024,0.1227,0.0,0.0422
350,20,0.0,0,2,0,1,0,0.17111470548591454,0.08,1,0.1,0.024,0.1427,0.0,0.0707
168,0,0.0,0,1,0,0,0,0.17111470548591454,0.08,1,0.03,0.024,0.1227,0.0,0.0422
28,3,0.0,0,1,0,3,0,0.0,0.0,0,0.15,0.0,0.02,0.05,0.064
0,0,0.0,0,1,0,0,0,0.0,0.0,0,0.03,0.0,0.02,0.05,0.022
28,0,0.0,0,1,0,0,0,0.0,0.0,0,0.03,0.0,0.02,0.05,0.022
249,15,0.0,0,17,0,0,0,0.0,0.0,0,0.51,0.0,0.34,0.85,0.374
6,0,0.0,0,1,0,0,0,0.0,0.0,0,0.03,0.0,0.02,0.05,0.022
19,0,0.0,0,1,0,0,0,0.0,0.0,0,0.03,0.0,0.02,0.05,0.022
26,1,0.0,0,1,0,1,0,0.0,0.0,0,0.07,0.0,0.02,0.05,0.036
8,1,0.0,0,1,0,0,0,0.0,0.0,0,0.03,0.0,0.02,0.05,0.022
18,1,0.0,0,1,0,0,0,0.0,0.0,0,0.03,0.0,0.02,0.05,0.022
13,2,0.0,0,2,0,0,0,0.0,0.0,0,0.06,0.0,0.04,0.1,0.044
5,0,0.0,0,1,0,0,0,0.0,0.0,0,0.03,0.0,0.02,0.05,0.022
128,14,0.0,0,5,0,0,0,0.0,0.0,0,0.15,0.0,0.1,0.25,0.11
124,15,0.0,0,5,0,1,0,0.0,0.0,0,0.19,0.0,0.1,0.25,0.124
23,1,0.0,0,1,0,0,0,0.0,0.0,0,0.03,0.0,0.02,0.05,0.022
11,1,0.0,0,1,0,0,0,0.0,0.0,0,0.03,0.0,0.02,0.05,0.022
9,1,0.0,0,1,0,0,0,0.0,0.0,0,0.03,0.0,0.02,0.05,0.022
54,5,0.0,0,1,0,0,0,0.0,0.0,0,0.03,0.0,0.02,0.05,0.022
9,1,0.0,0,1,0,0,0,0.0,0.0,0,0.03,0.0,0.02,0.05,0.022
9,1,0.0,0,1,0,0,0,0.0,0.0,0,0.03,0.0,0.02,0.05,0.022
70,4,0.0,0,2,0,0,0,0.0,0.0,0,0.06,0.0,0.04,0.1,0.044
69,12,0.0,0,1,0,0,0,0.0,0.0,0,0.03,0.0,0.02,0.05,0.022
260,27,0.0,0,4,0,1,0,0.0,0.0,0,0.16,0.0,0.08,0.2,0.102
96,7,0.0,0,2,0,1,0,0.0,0.0,0,0.1,0.0,0.04,0.1,0.058
33,0,0.0,0,1,0,0,0,0.057654254362295376,0.33,1,0.03,0.099,0.0546,0.0,0.0511
7,0,0.0,0,1,0,0,0,0.057654254362295376,0.33,1,0.03,0.099,0.0546,0.0,0.0511
5,0,0.0,0,1,0,0,0,0.057654254362295376,0.33,1,0.03,0.099,0.0546,0.0,0.0511
35,0,0.0,0,2,1,0,0,0.057654254362295376,0.33,1,0.06,0.099,0.0746,0.0,0.0656
17,0,0.0,0,1,0,0,0,0.057654254362295376,0.33,1,0.03,0.099,0.0546,0.0,0.0511
45,2,14.5,19,4,1,2,2,0.057654254362295376,0.33,1,0.2,0.379,0.1146,0.0,0.2066
9,2,2.0,2,1,0,1,1,0.057654254362295376,0.33,1,0.07,0.239,0.0546,0.0,0.1071
12,2,2.0,2,1,0,1,1,0.057654254362295376,0.33,1,0.07,0.239,0.0546,0.0,0.1071
8,0,0.0,0,1,0,0,0,0.057654254362295376,0.33,1,0.03,0.099,0.0546,0.0,0.0511
98,4,4.25,7,5,2,0,0,0.057654254362295376,0.33,1,0.15,0.099,0.1346,0.0,0.1091
155,4,4.25,7,6,2,0,0,0.057654254362295376,0.33,1,0.18,0.099,0.1546,0.0,0.1236
35,0,0.0,0,1,0,0,0,0.057654254362295376,0.33,1,0.03,0.099,0.0546,0.0,0.0511
10,0,0.0,0,1,0,0,0,0.057654254362295376,0.33,1,0.03,0.099,0.0546,0.0,0.0511
16,0,0.0,0,1,0,0,0,0.057654254362295376,0.33,1,0.03,0.099,0.0546,0.0,0.0511
66,0,0.0,0,1,0,0,0,0.057654254362295376,0.33,1,0.03,0.099,0.0546,0.0,0.0511
15,0,0.0,0,2,1,1,1,0.057654254362295376,0.33,1,0.1,0.239,0.0746,0.0,0.1216
44,0,0.0,0,2,1,0,0,0.057654254362295376,0.33,1,0.06,0.099,0.0746,0.0,0.0656
444,0,0.0,0,98,6,0,0,0.057654254362295376,0.33,1,0.6,0.099,0.4346,0.0,0.3266
143,0,0.0,0,39,4,0,0,0.057654254362295376,0.33,1,0.6,0.099,0.4346,0.0,0.3266
37,0,0.0,0,8,2,0,0,0.057654254362295376,0.33,1,0.24,0.099,0.1946,0.0,0.1526
50,0,0.0,0,5,1,0,0,0.057654254362295376,0.33,1,0.15,0.099,0.1346,0.0,0.1091
204,0,0.0,0,30,3,5,5,0.057654254362295376,0.33,1,0.8,0.799,0.4346,0.0,0.6066
8,0,0.0,0,3,1,0,0,0.057654254362295376,0.33,1,0.09,0.099,0.0946,0.0,0.0801
105,0,0.0,0,26,3,0,0,0.057654254362295376,0.33,1,0.6,0.099,0.4346,0.0,0.3266
73,0,0.0,0,12,2,0,0,0.057654254362295376,0.33,1,0.36,0.099,0.2746,0.0,0.2106
197,0,0.0,0,45,3,0,0,0.057654254362295376,0.33,1,0.6,0.099,0.4346,0.0,0.3266
59,0,0.0,0,8,2,0,0,0.057654254362295376,0.33,1,0.24,0.099,0.1946,0.0,0.1526
12,0,0.0,0,1,0,0,0,0.057654254362295376,0.33,1,0.03,0.099,0.0546,0.0,0.0511
117,0,0.0,0,26,4,0,0,0.057654254362295376,0.33,1,0.6,0.099,0.4346,0.0,0.3266
0,0,0.0,0,1,0,0,0,0.057654254362295376,0.33,1,0.03,0.099,0.0546,0.0,0.0511
15,1,0.0,0,1,0,0,0,0.057654254362295376,0.33,1,0.03,0.099,0.0546,0.0,0.0511
51,2,0.0,0,1,0,0,0,0.057654254362295376,0.33,1,0.03,0.099,0.0546,0.0,0.0511
30,1,0.0,0,1,0,0,0,0.057654254362295376,0.33,1,0.03,0.099,0.0546,0.0,0.0511
29,1,0.0,0,1,0,0,0,0.057654254362295376,0.33,1,0.03,0.099,0.0546,0.0,0.0511
35,1,0.0,0,1,0,0,0,0.057654254362295376,0.33,1,0.03,0.099,0.0546,0.0,0.0511
16,1,0.0,0,1,0,0,0,0.057654254362295376,0.33,1,0.03,0.099,0.0546,0.0,0.0511
44,2,0.0,0,1,0,0,0,0.057654254362295376,0.33,1,0.03,0.099,0.0546,0.0,0.0511
19,1,0.0,0,1,0,0,0,0.057654254362295376,0.33,1,0.03,0.099,0.0546,0.0,0.0511
16,1,0.0,0,1,0,0,0,0.057654254362295376,0.33,1,0.03,0.099,0.0546,0.0,0.0511
14,1,0.0,0,1,0,0,0,0.057654254362295376,0.33,1,0.03,0.099,0.0546,0.0,0.0511
20,1,0.0,0,1,0,0,0,0.057654254362295376,0.33,1,0.03,0.099,0.0546,0.0,0.0511
18,1,0.0,0,1,0,0,0,0.057654254362295376,0.33,1,0.03,0.099,0.0546,0.0,0.0511
18,1,0.0,0,1,0,0,0,0.057654254362295376,0.33,1,0.03,0.099,0.0546,0.0,0.0511
13,1,0.0,0,1,0,0,0,0.057654254362295376,0.33,1,0.03,0.099,0.0546,0.0,0.0511
13,1,0.0,0,1,0,0,0,0.057654254362295376,0.33,1,0.03,0.099,0.0546,0.0,0.0511
29,2,0.0,0,1,0,0,0,0.057654254362295376,0.33,1,0.03,0.099,0.0546,0.0,0.0511
30,1,0.0,0,1,0,0,0,0.057654254362295376,0.33,1,0.03,0.099,0.0546,0.0,0.0511
87,6,0.0,0,1,0,0,0,0.057654254362295376,0.33,1,0.03,0.099,0.0546,0.0,0.0511
19,1,0.0,0,1,0,0,0,0.057654254362295376,0.33,1,0.03,0.099,0.0546,0.0,0.0511
57,3,0.0,0,1,0,0,0,0.057654254362295376,0.33,1,0.03,0.099,0.0546,0.0,0.0511
55,7,0.0,0,1,0,1,0,0.057654254362295376,0.33,1,0.07,0.099,0.0546,0.0,0.0651
221,12,0.0,0,9,0,1,0,0.057654254362295376,0.33,1,0.31,0.099,0.2146,0.0,0.1811
66,2,0.0,0,1,0,0,0,0.057654254362295376,0.33,1,0.03,0.099,0.0546,0.0,0.0511
139,7,0.0,0,3,0,0,0,0.057654254362295376,0.33,1,0.09,0.099,0.0946,0.0,0.0801
15,0,0.0,0,1,0,0,0,0.057654254362295376,0.33,1,0.03,0.099,0.0546,0.0,0.0511
71,3,0.0,0,5,0,1,0,0.057654254362295376,0.33,1,0.19,0.099,0.1346,0.0,0.1231
160,7,0.0,0,4,0,0,0,0.057654254362295376,0.33,1,0.12,0.099,0.1146,0.0,0.0946
228,13,0.0,0,7,0,0,0,0.057654254362295376,0.33,1,0.21,0.099,0.1746,0.0,0.1381
81,5,0.0,0,1,0,0,0,0.057654254362295376,0.33,1,0.03,0.099,0.0546,0.0,0.0511
35,1,0.0,0,1,0,0,0,0.057654254362295376,0.33,1,0.03,0.099,0.0546,0.0,0.0511
37,1,0.0,0,1,0,0,0,0.057654254362295376,0.33,1,0.03,0.099,0.0546,0.0,0.0511
109,9,0.0,0,2,0,0,0,0.057654254362295376,0.33,1,0.06,0.099,0.0746,0.0,0.0656
138,4,0.0,0,1,0,0,0,0.057654254362295376,0.33,1,0.03,0.099,0.0546,0.0,0.0511
167,9,0.0,0,1,0,0,0,0.057654254362295376,0.33,1,0.03,0.099,0.0546,0.0,0.0511
18,1,0.0,0,1,0,0,0,0.057654254362295376,0.33,1,0.03,0.099,0.0546,0.0,0.0511
172,20,0.0,0,5,0,3,0,0.057654254362295376,0.33,1,0.27,0.099,0.1346,0.0,0.1511
17,2,0.0,0,1,0,0,0,0.057654254362295376,0.33,1,0.03,0.099,0.0546,0.0,0.0511
144,12,0.0,0,5,0,0,0,0.057654254362295376,0.33,1,0.15,0.099,0.1346,0.0,0.1091
37,1,0.0,0,1,0,0,0,0.057654254362295376,0.33,1,0.03,0.099,0.0546,0.0,0.0511
0,0,0.0,0,1,0,0,0,0.057654254362295376,0.33,1,0.03,0.099,0.0546,0.0,0.0511
69,7,0.0,0,1,0,0,0,0.057654254362295376,0.33,1,0.03,0.099,0.0546,0.0,0.0511
52,4,0.0,0,1,0,0,0,0.057654254362295376,0.33,1,0.03,0.099,0.0546,0.0,0.0511
77,5,0.0,0,2,0,0,0,0.057654254362295376,0.33,1,0.06,0.099,0.0746,0.0,0.0656
37,3,0.0,0,1,0,0,0,0.057654254362295376,0.33,1,0.03,0.099,0.0546,0.0,0.0511
491,47,0.0,0,22,0,1,0,0.057654254362295376,0.33,1,0.64,0.099,0.4346,0.0,0.3406
310,14,0.0,0,4,0,0,0,0.057654254362295376,0.33,1,0.12,0.099,0.1146,0.0,0.0946
74,1,0.0,0,1,0,0,0,0.057654254362295376,0.33,1,0.03,0.099,0.0546,0.0,0.0511
80,5,0.0,0,2,0,0,0,0.057654254362295376,0.33,1,0.06,0.099,0.0746,0.0,0.0656
53,5,0.0,0,1,0,0,0,0.057654254362295376,0.33,1,0.03,0.099,0.0546,0.0,0.0511
619,68,0.0,0,10,0,1,0,0.057654254362295376,0.33,1,0.34,0.099,0.2346,0.0,0.1956
142,13,0.0,0,2,0,0,0,0.057654254362295376,0.33,1,0.06,0.099,0.0746,0.0,0.0656
247,21,0.0,0,4,0,1,0,0.057654254362295376,0.33,1,0.16,0.099,0.1146,0.0,0.1086
223,15,0.0,0,3,0,0,0,0.057654254362295376,0.33,1,0.09,0.099,0.0946,0.0,0.0801
110,8,0.0,0,7,0,4,0,0.057654254362295376,0.33,1,0.37,0.099,0.1746,0.0,0.1941
28,2,0.0,0,1,0,0,0,0.057654254362295376,0.33,1,0.03,0.099,0.0546,0.0,0.0511
72,4,0.0,0,1,0,2,0,0.057654254362295376,0.33,1,0.11,0.099,0.0546,0.0,0.0791
315,30,0.0,0,11,0,21,0,0.057654254362295376,0.33,1,0.73,0.099,0.2546,0.0,0.3361
139,6,0.0,0,4,0,1,0,0.057654254362295376,0.33,1,0.16,0.099,0.1146,0.0,0.1086
71,5,0.0,0,1,0,0,0,0.057654254362295376,0.33,1,0.03,0.099,0.0546,0.0,0.0511
12,1,0.0,0,1,0,0,0,0.057654254362295376,0.33,1,0.03,0.099,0.0546,0.0,0.0511
97,3,0.0,0,1,0,0,0,0.057654254362295376,0.33,1,0.03,0.099,0.0546,0.0,0.0511
25,1,0.0,0,1,0,0,0,0.057654254362295376,0.33,1,0.03,0.099,0.0546,0.0,0.0511
49,3,0.0,0,1,0,0,0,0.057654254362295376,0.33,1,0.03,0.099,0.0546,0.0,0.0511
187,15,0.0,0,2,0,0,0,0.057654254362295376,0.33,1,0.06,0.099,0.0746,0.0,0.0656
155,12,0.0,0,1,0,0,0,0.057654254362295376,0.33,1,0.03,0.099,0.0546,0.0,0.0511
11,1,0.0,0,1,0,0,0,0.057654254362295376,0.33,1,0.03,0.099,0.0546,0.0,0.0511
113,5,0.0,0,7,0,0,0,0.057654254362295376,0.33,1,0.21,0.099,0.1746,0.0,0.1381
0,0,0.0,0,1,0,0,0,0.057654254362295376,0.33,1,0.03,0.099,0.0546,0.0,0.0511
221,18,0.0,0,11,0,7,0,0.057654254362295376,0.33,1,0.61,0.099,0.2546,0.0,0.2941
166,12,0.0,0,6,0,4,0,0.057654254362295376,0.33,1,0.34,0.099,0.1546,0.0,0.1796
152,10,0.0,0,5,0,0,0,0.057654254362295376,0.33,1,0.15,0.099,0.1346,0.0,0.1091
380,23,0.0,0,11,0,2,0,0.057654254362295376,0.33,1,0.41,0.099,0.2546,0.0,0.2241
171,16,0.0,0,6,0,4,0,0.057654254362295376,0.33,1,0.34,0.099,0.1546,0.0,0.1796
225,10,0.0,0,2,0,1,0,0.057654254362295376,0.33,1,0.1,0.099,0.0746,0.0,0.0796
32,3,0.0,0,1,0,0,0,0.057654254362295376,0.33,1,0.03,0.099,0.0546,0.0,0.0511
52,4,0.0,0,1,0,0,0,0.057654254362295376,0.33,1,0.03,0.099,0.0546,0.0,0.0511
87,4,0.0,0,1,0,0,0,0.057654254362295376,0.33,1,0.03,0.099,0.0546,0.0,0.0511
315,20,0.0,0,6,0,2,0,0.057654254362295376,0.33,1,0.26,0.099,0.1546,0.0,0.1516
144,1,0.0,0,1,0,0,0,0.057654254362295376,0.33,1,0.03,0.099,0.0546,0.0,0.0511
81,5,0.0,0,5,0,0,0,0.057654254362295376,0.33,1,0.15,0.099,0.1346,0.0,0.1091
134,6,0.0,0,4,0,0,0,0.057654254362295376,0.33,1,0.12,0.099,0.1146,0.0,0.0946
32,2,0.0,0,1,0,0,0,0.057654254362295376,0.33,1,0.03,0.099,0.0546,0.0,0.0511
81,2,0.0,0,1,0,0,0,0.057654254362295376,0.33,1,0.03,0.099,0.0546,0.0,0.0511
110,10,0.0,0,5,0,0,0,0.057654254362295376,0.33,1,0.15,0.099,0.1346,0.0,0.1091
35,1,0.0,0,1,0,0,0,0.057654254362295376,0.33,1,0.03,0.099,0.0546,0.0,0.0511
70,3,0.0,0,1,0,0,0,0.057654254362295376,0.33,1,0.03,0.099,0.0546,0.0,0.0511
36,2,0.0,0,1,0,0,0,0.057654254362295376,0.33,1,0.03,0.099,0.0546,0.0,0.0511
20,1,0.0,0,1,0,0,0,0.057654254362295376,0.33,1,0.03,0.099,0.0546,0.0,0.0511
25,1,0.0,0,1,0,0,0,0.057654254362295376,0.33,1,0.03,0.099,0.0546,0.0,0.0511
16,1,0.0,0,1,0,0,0,0.057654254362295376,0.33,1,0.03,0.099,0.0546,0.0,0.0511
87,6,0.0,0,3,0,2,0,0.057654254362295376,0.33,1,0.17,0.099,0.0946,0.0,0.1081
102,13,0.0,0,3,0,2,0,0.057654254362295376,0.33,1,0.17,0.099,0.0946,0.0,0.1081
91,7,0.0,0,4,0,0,0,0.057654254362295376,0.33,1,0.12,0.099,0.1146,0.0,0.0946
19,1,0.0,0,1,0,0,0,0.057654254362295376,0.33,1,0.03,0.099,0.0546,0.0,0.0511
54,3,0.0,0,1,0,0,0,0.057654254362295376,0.33,1,0.03,0.099,0.0546,0.0,0.0511
14,1,0.0,0,1,0,0,0,0.057654254362295376,0.33,1,0.03,0.099,0.0546,0.0,0.0511
25,2,0.0,0,1,0,0,0,0.057654254362295376,0.33,1,0.03,0.099,0.0546,0.0,0.0511
18,1,0.0,0,1,0,0,0,0.057654254362295376,0.33,1,0.03,0.099,0.0546,0.0,0.0511
37,2,0.0,0,1,0,0,0,0.057654254362295376,0.33,1,0.03,0.099,0.0546,0.0,0.0511
187,5,0.0,0,1,0,0,0,0.057654254362295376,0.33,1,0.03,0.099,0.0546,0.0,0.0511
14,1,0.0,0,1,0,0,0,0.057654254362295376,0.33,1,0.03,0.099,0.0546,0.0,0.0511
173,3,0.0,0,1,0,0,0,0.057654254362295376,0.33,1,0.03,0.099,0.0546,0.0,0.0511
18,1,0.0,0,1,0,0,0,0.057654254362295376,0.33,1,0.03,0.099,0.0546,0.0,0.0511
197,11,0.0,0,3,0,0,0,0.057654254362295376,0.33,1,0.09,0.099,0.0946,0.0,0.0801
108,3,0.0,0,2,0,0,0,0.057654254362295376,0.33,1,0.06,0.099,0.0746,0.0,0.0656
186,9,0.0,0,5,0,1,0,0.057654254362295376,0.33,1,0.19,0.099,0.1346,0.0,0.1231
276,7,0.0,0,1,0,0,0,0.057654254362295376,0.33,1,0.03,0.099,0.0546,0.0,0.0511
113,11,0.0,0,6,0,1,0,0.057654254362295376,0.33,1,0.22,0.099,0.1546,0.0,0.1376
123,4,0.0,0,6,0,0,0,0.057654254362295376,0.33,1,0.18,0.099,0.1546,0.0,0.1236
80,4,0.0,0,1,0,0,0,0.057654254362295376,0.33,1,0.03,0.099,0.0546,0.0,0.0511
98,3,0.0,0,3,0,0,0,0.057654254362295376,0.33,1,0.09,0.099,0.0946,0.0,0.0801
80,2,0.0,0,1,0,0,0,0.057654254362295376,0.33,1,0.03,0.099,0.0546,0.0,0.0511
15,1,0.0,0,1,0,0,0,0.057654254362295376,0.33,1,0.03,0.099,0.0546,0.0,0.0511
120,12,0.0,0,6,0,1,0,0.057654254362295376,0.33,1,0.22,0.099,0.1546,0.0,0.1376
60,4,0.0,0,1,0,0,0,0.057654254362295376,0.33,1,0.03,0.099,0.0546,0.0,0.0511
49,3,0.0,0,2,0,0,0,0.057654254362295376,0.33,1,0.06,0.099,0.0746,0.0,0.0656
343,23,0.0,0,8,0,2,0,0.057654254362295376,0.33,1,0.32,0.099,0.1946,0.0,0.1806
38,1,0.0,0,1,0,0,0,0.057654254362295376,0.33,1,0.03,0.099,0.0546,0.0,0.0511
112,1,0.0,0,1,0,0,0,0.057654254362295376,0.33,1,0.03,0.099,0.0546,0.0,0.0511
81,4,0.0,0,2,0,0,0,0.057654254362295376,0.33,1,0.06,0.099,0.0746,0.0,0.0656
99,4,0.0,0,5,0,1,0,0.057654254362295376,0.33,1,0.19,0.099,0.1346,0.0,0.1231
48,4,0.0,0,1,0,0,0,0.057654254362295376,0.33,1,0.03,0.099,0.0546,0.0,0.0511
48,4,0.0,0,2,0,0,0,0.057654254362295376,0.33,1,0.06,0.099,0.0746,0.0,0.0656
93,14,0.0,0,5,0,0,0,0.057654254362295376,0.33,1,0.15,0.099,0.1346,0.0,0.1091
18,1,0.0,0,1,0,0,0,0.057654254362295376,0.33,1,0.03,0.099,0.0546,0.0,0.0511
50,4,0.0,0,4,0,0,0,0.057654254362295376,0.33,1,0.12,0.099,0.1146,0.0,0.0946
36,2,0.0,0,1,0,0,0,0.057654254362295376,0.33,1,0.03,0.099,0.0546,0.0,0.0511
257,25,0.0,0,10,0,1,0,0.057654254362295376,0.33,1,0.34,0.099,0.2346,0.0,0.1956
16,1,0.0,0,1,0,0,0,0.057654254362295376,0.33,1,0.03,0.099,0.0546,0.0,0.0511
20,0,0.0,0,1,0,0,0,0.057654254362295376,0.33,1,0.03,0.099,0.0546,0.0,0.0511
69,5,0.0,0,2,0,0,0,0.057654254362295376,0.33,1,0.06,0.099,0.0746,0.0,0.0656
119,9,0.0,0,2,0,1,0,0.057654254362295376,0.33,1,0.1,0.099,0.0746,0.0,0.0796
121,10,0.0,0,2,0,0,0,0.057654254362295376,0.33,1,0.06,0.099,0.0746,0.0,0.0656
31,4,0.0,0,1,0,0,0,0.057654254362295376,0.33,1,0.03,0.099,0.0546,0.0,0.0511
23,3,0.0,0,1,0,0,0,0.057654254362295376,0.33,1,0.03,0.099,0.0546,0.0,0.0511
150,6,0.0,0,8,0,11,0,0.057654254362295376,0.33,1,0.64,0.099,0.1946,0.0,0.2926
65,2,0.0,0,1,0,0,0,0.057654254362295376,0.33,1,0.03,0.099,0.0546,0.0,0.0511
134,12,0.0,0,4,0,1,0,0.057654254362295376,0.33,1,0.16,0.099,0.1146,0.0,0.1086
129,14,0.0,0,1,0,0,0,0.057654254362295376,0.33,1,0.03,0.099,0.0546,0.0,0.0511
300,14,0.0,0,6,0,0,0,0.057654254362295376,0.33,1,0.18,0.099,0.1546,0.0,0.1236
326,20,0.0,0,7,0,2,0,0.057654254362295376,0.33,1,0.29,0.099,0.1746,0.0,0.1661
15,0,0.0,0,1,0,0,0,0.057654254362295376,0.33,1,0.03,0.099,0.0546,0.0,0.0511
244,39,0.0,0,3,0,1,0,0.057654254362295376,0.33,1,0.13,0.099,0.0946,0.0,0.0941
0,0,0.0,0,1,0,0,0,0.057654254362295376,0.33,1,0.03,0.099,0.0546,0.0,0.0511
609,66,0.0,0,35,0,14,0,0.057654254362295376,0.33,1,1.0,0.099,0.4346,0.0,0.4666
100,12,0.0,0,5,0,0,0,0.057654254362295376,0.33,1,0.15,0.099,0.1346,0.0,0.1091
105,10,0.0,0,3,0,7,0,0.057654254362295376,0.33,1,0.37,0.099,0.0946,0.0,0.1781
173,18,0.0,0,6,0,8,0,0.057654254362295376,0.33,1,0.5,0.099,0.1546,0.0,0.2356
27,3,0.0,0,2,0,1,0,0.057654254362295376,0.33,1,0.1,0.099,0.0746,0.0,0.0796
